{
  "tracks": [
    {
      "album": {
        "album_type": "ALBUM",
        "artists": [
          {
            "external_urls": {
              "spotify": "https://open.spotify.com/artist/2DP9xStkVVv753RBiEHXQB"
            },
            "href": "https://api.spotify.com/v1/artists/2DP9xStkVVv753RBiEHXQB",
            "id": "2DP9xStkVVv753RBiEHXQB",
            "name": "Alkilados",
            "type": "artist",
            "uri": "spotify:artist:2DP9xStkVVv753RBiEHXQB"
          }
        ],
        "available_markets": [
          "AD",
          "AE",
          "AR",
          "AT",
          "AU",
          "BE",
          "BG",
          "BH",
          "BO",
          "BR",
          "CA",
          "CH",
          "CL",
          "CO",
          "CR",
          "CY",
          "CZ",
          "DE",
          "DK",
          "DO",
          "DZ",
          "EC",
          "EE",
          "EG",
          "ES",
          "FI",
          "FR",
          "GB",
          "GR",
          "GT",
          "HK",
          "HN",
          "HU",
          "ID",
          "IE",
          "IL",
          "IN",
          "IS",
          "IT",
          "JO",
          "JP",
          "KW",
          "LB",
          "LI",
          "LT",
          "LU",
          "LV",
          "MA",
          "MC",
          "MT",
          "MX",
          "MY",
          "NI",
          "NL",
          "NO",
          "NZ",
          "OM",
          "PA",
          "PE",
          "PH",
          "PL",
          "PS",
          "PT",
          "PY",
          "QA",
          "RO",
          "SA",
          "SE",
          "SG",
          "SK",
          "SV",
          "TH",
          "TN",
          "TR",
          "TW",
          "US",
          "UY",
          "VN",
          "ZA"
        ],
        "external_urls": {
          "spotify": "https://open.spotify.com/album/3UVm7ycRPG6BtzmddWNAyU"
        },
        "href": "https://api.spotify.com/v1/albums/3UVm7ycRPG6BtzmddWNAyU",
        "id": "3UVm7ycRPG6BtzmddWNAyU",
        "images": [
          {
            "height": 640,
            "url": "https://i.scdn.co/image/ab67616d0000b273151c9ff13819ffe07f085925",
            "width": 640
          },
          {
            "height": 300,
            "url": "https://i.scdn.co/image/ab67616d00001e02151c9ff13819ffe07f085925",
            "width": 300
          },
          {
            "height": 64,
            "url": "https://i.scdn.co/image/ab67616d00004851151c9ff13819ffe07f085925",
            "width": 64
          }
        ],
        "name": "Monalisa",
        "release_date": "2013-04-09",
        "release_date_precision": "day",
        "total_tracks": 0,
        "type": "album",
        "uri": "spotify:album:3UVm7ycRPG6BtzmddWNAyU"
      },
      "artists": [
        {
          "external_urls": {
            "spotify": "https://open.spotify.com/artist/2DP9xStkVVv753RBiEHXQB"
          },
          "href": "https://api.spotify.com/v1/artists/2DP9xStkVVv753RBiEHXQB",
          "id": "2DP9xStkVVv753RBiEHXQB",
          "name": "Alkilados",
          "type": "artist",
          "uri": "spotify:artist:2DP9xStkVVv753RBiEHXQB"
        }
      ],
      "available_markets": [],
      "disc_number": 1,
      "duration_ms": 215040,
      "explicit": false,
      "external_ids": { "isrc": "US6R21356943" },
      "external_urls": {
        "spotify": "https://open.spotify.com/track/04e7ShzjEkOos7fxaC6ljd"
      },
      "href": "https://api.spotify.com/v1/tracks/04e7ShzjEkOos7fxaC6ljd",
      "id": "04e7ShzjEkOos7fxaC6ljd",
      "is_local": false,
      "name": "Monalisa - Radio Edit",
      "popularity": 1,
      "preview_url": null,
      "track_number": 1,
      "type": "track",
      "uri": "spotify:track:04e7ShzjEkOos7fxaC6ljd"
    },
    {
      "album": {
        "album_type": "ALBUM",
        "artists": [
          {
            "external_urls": {
              "spotify": "https://open.spotify.com/artist/4VMYDCV2IEDYJArk749S6m"
            },
            "href": "https://api.spotify.com/v1/artists/4VMYDCV2IEDYJArk749S6m",
            "id": "4VMYDCV2IEDYJArk749S6m",
            "name": "Daddy Yankee",
            "type": "artist",
            "uri": "spotify:artist:4VMYDCV2IEDYJArk749S6m"
          }
        ],
        "available_markets": [
          "AD",
          "AE",
          "AR",
          "AT",
          "AU",
          "BE",
          "BG",
          "BH",
          "BO",
          "BR",
          "CA",
          "CH",
          "CL",
          "CO",
          "CR",
          "CY",
          "CZ",
          "DE",
          "DK",
          "DO",
          "DZ",
          "EC",
          "EE",
          "EG",
          "ES",
          "FI",
          "FR",
          "GB",
          "GR",
          "GT",
          "HK",
          "HN",
          "HU",
          "ID",
          "IE",
          "IL",
          "IN",
          "IS",
          "IT",
          "JO",
          "JP",
          "KW",
          "LB",
          "LI",
          "LT",
          "LU",
          "LV",
          "MA",
          "MC",
          "MT",
          "MX",
          "MY",
          "NI",
          "NL",
          "NO",
          "NZ",
          "OM",
          "PA",
          "PE",
          "PH",
          "PL",
          "PS",
          "PT",
          "PY",
          "QA",
          "RO",
          "SA",
          "SE",
          "SG",
          "SK",
          "SV",
          "TH",
          "TN",
          "TR",
          "TW",
          "US",
          "UY",
          "VN",
          "ZA"
        ],
        "external_urls": {
          "spotify": "https://open.spotify.com/album/5m43SVd4aJhA7M88UwzU8a"
        },
        "href": "https://api.spotify.com/v1/albums/5m43SVd4aJhA7M88UwzU8a",
        "id": "5m43SVd4aJhA7M88UwzU8a",
        "images": [
          {
            "height": 640,
            "url": "https://i.scdn.co/image/ab67616d0000b273059be390fc5f1c2362b1a928",
            "width": 640
          },
          {
            "height": 300,
            "url": "https://i.scdn.co/image/ab67616d00001e02059be390fc5f1c2362b1a928",
            "width": 300
          },
          {
            "height": 64,
            "url": "https://i.scdn.co/image/ab67616d00004851059be390fc5f1c2362b1a928",
            "width": 64
          }
        ],
        "name": "King Daddy",
        "release_date": "2013-01-01",
        "release_date_precision": "day",
        "total_tracks": 0,
        "type": "album",
        "uri": "spotify:album:5m43SVd4aJhA7M88UwzU8a"
      },
      "artists": [
        {
          "external_urls": {
            "spotify": "https://open.spotify.com/artist/4VMYDCV2IEDYJArk749S6m"
          },
          "href": "https://api.spotify.com/v1/artists/4VMYDCV2IEDYJArk749S6m",
          "id": "4VMYDCV2IEDYJArk749S6m",
          "name": "Daddy Yankee",
          "type": "artist",
          "uri": "spotify:artist:4VMYDCV2IEDYJArk749S6m"
        }
      ],
      "available_markets": [],
      "disc_number": 1,
      "duration_ms": 189080,
      "explicit": false,
      "external_ids": { "isrc": "US2BU1300784" },
      "external_urls": {
        "spotify": "https://open.spotify.com/track/2i1nH4P9K9mbzYq3GYpYoh"
      },
      "href": "https://api.spotify.com/v1/tracks/2i1nH4P9K9mbzYq3GYpYoh",
      "id": "2i1nH4P9K9mbzYq3GYpYoh",
      "is_local": false,
      "name": "Suena Boom",
      "popularity": 0,
      "preview_url": null,
      "track_number": 8,
      "type": "track",
      "uri": "spotify:track:2i1nH4P9K9mbzYq3GYpYoh"
    },
    {
      "album": {
        "album_type": "ALBUM",
        "artists": [
          {
            "external_urls": {
              "spotify": "https://open.spotify.com/artist/5npvUMe1CGnIhTX7OaLGVV"
            },
            "href": "https://api.spotify.com/v1/artists/5npvUMe1CGnIhTX7OaLGVV",
            "id": "5npvUMe1CGnIhTX7OaLGVV",
            "name": "Ulices Chaidez",
            "type": "artist",
            "uri": "spotify:artist:5npvUMe1CGnIhTX7OaLGVV"
          }
        ],
        "available_markets": [
          "AD",
          "AE",
          "AR",
          "AT",
          "AU",
          "BE",
          "BG",
          "BH",
          "BO",
          "BR",
          "CA",
          "CH",
          "CL",
          "CO",
          "CR",
          "CY",
          "CZ",
          "DE",
          "DK",
          "DO",
          "DZ",
          "EC",
          "EE",
          "EG",
          "ES",
          "FI",
          "FR",
          "GB",
          "GR",
          "GT",
          "HK",
          "HN",
          "HU",
          "ID",
          "IE",
          "IL",
          "IN",
          "IS",
          "IT",
          "JO",
          "JP",
          "KW",
          "LB",
          "LI",
          "LT",
          "LU",
          "LV",
          "MA",
          "MC",
          "MT",
          "MX",
          "MY",
          "NI",
          "NL",
          "NO",
          "NZ",
          "OM",
          "PA",
          "PE",
          "PH",
          "PL",
          "PS",
          "PT",
          "PY",
          "QA",
          "RO",
          "SA",
          "SE",
          "SG",
          "SK",
          "SV",
          "TH",
          "TN",
          "TR",
          "TW",
          "US",
          "UY",
          "VN",
          "ZA"
        ],
        "external_urls": {
          "spotify": "https://open.spotify.com/album/6bpWzCTfuvRJ0ZHyTmRS3R"
        },
        "href": "https://api.spotify.com/v1/albums/6bpWzCTfuvRJ0ZHyTmRS3R",
        "id": "6bpWzCTfuvRJ0ZHyTmRS3R",
        "images": [
          {
            "height": 640,
            "url": "https://i.scdn.co/image/ab67616d0000b273aed93ef61ac7eaa8be8ea0a1",
            "width": 640
          },
          {
            "height": 300,
            "url": "https://i.scdn.co/image/ab67616d00001e02aed93ef61ac7eaa8be8ea0a1",
            "width": 300
          },
          {
            "height": 64,
            "url": "https://i.scdn.co/image/ab67616d00004851aed93ef61ac7eaa8be8ea0a1",
            "width": 64
          }
        ],
        "name": "Andamos En El Ruedo",
        "release_date": "2016-10-21",
        "release_date_precision": "day",
        "total_tracks": 0,
        "type": "album",
        "uri": "spotify:album:6bpWzCTfuvRJ0ZHyTmRS3R"
      },
      "artists": [
        {
          "external_urls": {
            "spotify": "https://open.spotify.com/artist/5npvUMe1CGnIhTX7OaLGVV"
          },
          "href": "https://api.spotify.com/v1/artists/5npvUMe1CGnIhTX7OaLGVV",
          "id": "5npvUMe1CGnIhTX7OaLGVV",
          "name": "Ulices Chaidez",
          "type": "artist",
          "uri": "spotify:artist:5npvUMe1CGnIhTX7OaLGVV"
        }
      ],
      "available_markets": [
        "AD",
        "AE",
        "AR",
        "AT",
        "AU",
        "BE",
        "BG",
        "BH",
        "BO",
        "BR",
        "CA",
        "CH",
        "CL",
        "CO",
        "CR",
        "CY",
        "CZ",
        "DE",
        "DK",
        "DO",
        "DZ",
        "EC",
        "EE",
        "EG",
        "ES",
        "FI",
        "FR",
        "GB",
        "GR",
        "GT",
        "HK",
        "HN",
        "HU",
        "ID",
        "IE",
        "IL",
        "IN",
        "IS",
        "IT",
        "JO",
        "JP",
        "KW",
        "LB",
        "LI",
        "LT",
        "LU",
        "LV",
        "MA",
        "MC",
        "MT",
        "MX",
        "MY",
        "NI",
        "NL",
        "NO",
        "NZ",
        "OM",
        "PA",
        "PE",
        "PH",
        "PL",
        "PS",
        "PT",
        "PY",
        "QA",
        "RO",
        "SA",
        "SE",
        "SG",
        "SK",
        "SV",
        "TH",
        "TN",
        "TR",
        "TW",
        "US",
        "UY",
        "VN",
        "ZA"
      ],
      "disc_number": 1,
      "duration_ms": 205420,
      "explicit": false,
      "external_ids": { "isrc": "USE7D1600094" },
      "external_urls": {
        "spotify": "https://open.spotify.com/track/18J1Ke20aBiyK0nv9gnjez"
      },
      "href": "https://api.spotify.com/v1/tracks/18J1Ke20aBiyK0nv9gnjez",
      "id": "18J1Ke20aBiyK0nv9gnjez",
      "is_local": false,
      "name": "\u00bfPor Que Me Enamor\u00e9?",
      "popularity": 65,
      "preview_url": "https://p.scdn.co/mp3-preview/d8ee2d1aa732ea87b5c195850f544e6532e4aa89?cid=4bffd52f83ce4f158e0e7c3b3c245f67",
      "track_number": 5,
      "type": "track",
      "uri": "spotify:track:18J1Ke20aBiyK0nv9gnjez"
    },
    {
      "album": {
        "album_type": "ALBUM",
        "artists": [
          {
            "external_urls": {
              "spotify": "https://open.spotify.com/artist/0LyfQWJT6nXafLPZqxe9Of"
            },
            "href": "https://api.spotify.com/v1/artists/0LyfQWJT6nXafLPZqxe9Of",
            "id": "0LyfQWJT6nXafLPZqxe9Of",
            "name": "Various Artists",
            "type": "artist",
            "uri": "spotify:artist:0LyfQWJT6nXafLPZqxe9Of"
          }
        ],
        "available_markets": [
          "AD",
          "AE",
          "AR",
          "AT",
          "AU",
          "BE",
          "BG",
          "BH",
          "BO",
          "BR",
          "CA",
          "CH",
          "CL",
          "CO",
          "CR",
          "CY",
          "CZ",
          "DE",
          "DK",
          "DO",
          "DZ",
          "EC",
          "EE",
          "EG",
          "ES",
          "FI",
          "FR",
          "GB",
          "GR",
          "GT",
          "HK",
          "HN",
          "HU",
          "ID",
          "IE",
          "IL",
          "IN",
          "IS",
          "IT",
          "JO",
          "JP",
          "KW",
          "LB",
          "LI",
          "LT",
          "LU",
          "LV",
          "MA",
          "MC",
          "MT",
          "MX",
          "MY",
          "NI",
          "NL",
          "NO",
          "NZ",
          "OM",
          "PA",
          "PE",
          "PH",
          "PL",
          "PS",
          "PT",
          "PY",
          "QA",
          "RO",
          "SA",
          "SE",
          "SG",
          "SK",
          "SV",
          "TH",
          "TN",
          "TR",
          "TW",
          "US",
          "UY",
          "VN",
          "ZA"
        ],
        "external_urls": {
          "spotify": "https://open.spotify.com/album/5gHKtewt6CtuGLiAj2m3XC"
        },
        "href": "https://api.spotify.com/v1/albums/5gHKtewt6CtuGLiAj2m3XC",
        "id": "5gHKtewt6CtuGLiAj2m3XC",
        "images": [
          {
            "height": 640,
            "url": "https://i.scdn.co/image/ab67616d0000b273479be26fc986c3b52be1728b",
            "width": 640
          },
          {
            "height": 300,
            "url": "https://i.scdn.co/image/ab67616d00001e02479be26fc986c3b52be1728b",
            "width": 300
          },
          {
            "height": 64,
            "url": "https://i.scdn.co/image/ab67616d00004851479be26fc986c3b52be1728b",
            "width": 64
          }
        ],
        "name": "Wisin Y Yandel Presentan: Los Vaqueros",
        "release_date": "2006-01-01",
        "release_date_precision": "day",
        "total_tracks": 0,
        "type": "album",
        "uri": "spotify:album:5gHKtewt6CtuGLiAj2m3XC"
      },
      "artists": [
        {
          "external_urls": {
            "spotify": "https://open.spotify.com/artist/3LKXWvXFWrkwUzJWxzwVpW"
          },
          "href": "https://api.spotify.com/v1/artists/3LKXWvXFWrkwUzJWxzwVpW",
          "id": "3LKXWvXFWrkwUzJWxzwVpW",
          "name": "Tony Dize",
          "type": "artist",
          "uri": "spotify:artist:3LKXWvXFWrkwUzJWxzwVpW"
        }
      ],
      "available_markets": [
        "AD",
        "AE",
        "AR",
        "AT",
        "AU",
        "BE",
        "BG",
        "BH",
        "BO",
        "BR",
        "CH",
        "CL",
        "CO",
        "CR",
        "CY",
        "CZ",
        "DE",
        "DK",
        "DO",
        "DZ",
        "EC",
        "EE",
        "EG",
        "ES",
        "FI",
        "FR",
        "GB",
        "GR",
        "GT",
        "HK",
        "HN",
        "HU",
        "ID",
        "IE",
        "IL",
        "IS",
        "IT",
        "JO",
        "JP",
        "KW",
        "LB",
        "LI",
        "LT",
        "LU",
        "LV",
        "MA",
        "MC",
        "MT",
        "MX",
        "MY",
        "NI",
        "NL",
        "NO",
        "NZ",
        "OM",
        "PA",
        "PE",
        "PH",
        "PT",
        "PY",
        "QA",
        "RO",
        "SA",
        "SE",
        "SG",
        "SK",
        "SV",
        "TN",
        "TR",
        "TW",
        "US",
        "VN",
        "ZA"
      ],
      "disc_number": 1,
      "duration_ms": 186373,
      "explicit": false,
      "external_ids": { "isrc": "USUM70614169" },
      "external_urls": {
        "spotify": "https://open.spotify.com/track/1jj80muEnrqByfH2omBOcZ"
      },
      "href": "https://api.spotify.com/v1/tracks/1jj80muEnrqByfH2omBOcZ",
      "id": "1jj80muEnrqByfH2omBOcZ",
      "is_local": false,
      "name": "Quizas",
      "popularity": 60,
      "preview_url": null,
      "track_number": 8,
      "type": "track",
      "uri": "spotify:track:1jj80muEnrqByfH2omBOcZ"
    },
    {
      "album": {
        "album_type": "ALBUM",
        "artists": [
          {
            "external_urls": {
              "spotify": "https://open.spotify.com/artist/33ScadVnbm2X8kkUqOkC6Z"
            },
            "href": "https://api.spotify.com/v1/artists/33ScadVnbm2X8kkUqOkC6Z",
            "id": "33ScadVnbm2X8kkUqOkC6Z",
            "name": "Don Omar",
            "type": "artist",
            "uri": "spotify:artist:33ScadVnbm2X8kkUqOkC6Z"
          }
        ],
        "available_markets": [
          "AD",
          "AE",
          "AR",
          "AT",
          "AU",
          "BE",
          "BG",
          "BH",
          "BO",
          "BR",
          "CA",
          "CH",
          "CL",
          "CO",
          "CR",
          "CY",
          "CZ",
          "DE",
          "DK",
          "DO",
          "DZ",
          "EC",
          "EE",
          "EG",
          "ES",
          "FI",
          "FR",
          "GB",
          "GR",
          "GT",
          "HK",
          "HN",
          "HU",
          "ID",
          "IE",
          "IL",
          "IN",
          "IS",
          "IT",
          "JO",
          "JP",
          "KW",
          "LB",
          "LI",
          "LT",
          "LU",
          "LV",
          "MA",
          "MC",
          "MT",
          "MX",
          "MY",
          "NI",
          "NL",
          "NO",
          "NZ",
          "OM",
          "PA",
          "PE",
          "PH",
          "PL",
          "PS",
          "PT",
          "PY",
          "QA",
          "RO",
          "SA",
          "SE",
          "SG",
          "SK",
          "SV",
          "TH",
          "TN",
          "TR",
          "TW",
          "US",
          "UY",
          "VN",
          "ZA"
        ],
        "external_urls": {
          "spotify": "https://open.spotify.com/album/2ah0xzOU2sqN46Lc665g0Z"
        },
        "href": "https://api.spotify.com/v1/albums/2ah0xzOU2sqN46Lc665g0Z",
        "id": "2ah0xzOU2sqN46Lc665g0Z",
        "images": [
          {
            "height": 640,
            "url": "https://i.scdn.co/image/ab67616d0000b2733d20526f7281e30154e14457",
            "width": 640
          },
          {
            "height": 300,
            "url": "https://i.scdn.co/image/ab67616d00001e023d20526f7281e30154e14457",
            "width": 300
          },
          {
            "height": 64,
            "url": "https://i.scdn.co/image/ab67616d000048513d20526f7281e30154e14457",
            "width": 64
          }
        ],
        "name": "King Of Kings",
        "release_date": "2006-01-01",
        "release_date_precision": "day",
        "total_tracks": 0,
        "type": "album",
        "uri": "spotify:album:2ah0xzOU2sqN46Lc665g0Z"
      },
      "artists": [
        {
          "external_urls": {
            "spotify": "https://open.spotify.com/artist/33ScadVnbm2X8kkUqOkC6Z"
          },
          "href": "https://api.spotify.com/v1/artists/33ScadVnbm2X8kkUqOkC6Z",
          "id": "33ScadVnbm2X8kkUqOkC6Z",
          "name": "Don Omar",
          "type": "artist",
          "uri": "spotify:artist:33ScadVnbm2X8kkUqOkC6Z"
        }
      ],
      "available_markets": [],
      "disc_number": 1,
      "duration_ms": 194826,
      "explicit": false,
      "external_ids": { "isrc": "USUM70603097" },
      "external_urls": {
        "spotify": "https://open.spotify.com/track/4OYuRBpSqWoUSh7p4O7H93"
      },
      "href": "https://api.spotify.com/v1/tracks/4OYuRBpSqWoUSh7p4O7H93",
      "id": "4OYuRBpSqWoUSh7p4O7H93",
      "is_local": false,
      "name": "Tu No Sabes",
      "popularity": 0,
      "preview_url": null,
      "track_number": 6,
      "type": "track",
      "uri": "spotify:track:4OYuRBpSqWoUSh7p4O7H93"
    },
    {
      "album": {
        "album_type": "ALBUM",
        "artists": [
          {
            "external_urls": {
              "spotify": "https://open.spotify.com/artist/08xFgTEmizKwzfDSbxvODp"
            },
            "href": "https://api.spotify.com/v1/artists/08xFgTEmizKwzfDSbxvODp",
            "id": "08xFgTEmizKwzfDSbxvODp",
            "name": "MDO",
            "type": "artist",
            "uri": "spotify:artist:08xFgTEmizKwzfDSbxvODp"
          }
        ],
        "available_markets": [
          "AD",
          "AE",
          "AR",
          "AT",
          "AU",
          "BE",
          "BG",
          "BH",
          "BO",
          "BR",
          "CA",
          "CH",
          "CL",
          "CO",
          "CR",
          "CY",
          "CZ",
          "DE",
          "DK",
          "DO",
          "DZ",
          "EC",
          "EE",
          "EG",
          "ES",
          "FI",
          "FR",
          "GB",
          "GR",
          "GT",
          "HK",
          "HN",
          "HU",
          "ID",
          "IE",
          "IL",
          "IN",
          "IS",
          "IT",
          "JO",
          "JP",
          "KW",
          "LB",
          "LI",
          "LT",
          "LU",
          "LV",
          "MA",
          "MC",
          "MT",
          "MX",
          "MY",
          "NI",
          "NL",
          "NO",
          "NZ",
          "OM",
          "PA",
          "PE",
          "PH",
          "PL",
          "PS",
          "PT",
          "PY",
          "QA",
          "RO",
          "SA",
          "SE",
          "SG",
          "SK",
          "SV",
          "TH",
          "TN",
          "TR",
          "TW",
          "US",
          "UY",
          "VN",
          "ZA"
        ],
        "external_urls": {
          "spotify": "https://open.spotify.com/album/1Qh8IqiGgpCGxHGXQdpbVr"
        },
        "href": "https://api.spotify.com/v1/albums/1Qh8IqiGgpCGxHGXQdpbVr",
        "id": "1Qh8IqiGgpCGxHGXQdpbVr",
        "images": [
          {
            "height": 640,
            "url": "https://i.scdn.co/image/ab67616d0000b2736b42c58226d5d5c2e9a8e4db",
            "width": 640
          },
          {
            "height": 300,
            "url": "https://i.scdn.co/image/ab67616d00001e026b42c58226d5d5c2e9a8e4db",
            "width": 300
          },
          {
            "height": 64,
            "url": "https://i.scdn.co/image/ab67616d000048516b42c58226d5d5c2e9a8e4db",
            "width": 64
          }
        ],
        "name": "MDO",
        "release_date": "1997",
        "release_date_precision": "year",
        "total_tracks": 0,
        "type": "album",
        "uri": "spotify:album:1Qh8IqiGgpCGxHGXQdpbVr"
      },
      "artists": [
        {
          "external_urls": {
            "spotify": "https://open.spotify.com/artist/08xFgTEmizKwzfDSbxvODp"
          },
          "href": "https://api.spotify.com/v1/artists/08xFgTEmizKwzfDSbxvODp",
          "id": "08xFgTEmizKwzfDSbxvODp",
          "name": "MDO",
          "type": "artist",
          "uri": "spotify:artist:08xFgTEmizKwzfDSbxvODp"
        }
      ],
      "available_markets": [
        "AD",
        "AE",
        "AR",
        "AT",
        "AU",
        "BE",
        "BG",
        "BH",
        "BO",
        "BR",
        "CA",
        "CH",
        "CL",
        "CO",
        "CR",
        "CY",
        "CZ",
        "DE",
        "DK",
        "DO",
        "DZ",
        "EC",
        "EE",
        "EG",
        "ES",
        "FI",
        "FR",
        "GB",
        "GR",
        "GT",
        "HK",
        "HN",
        "HU",
        "ID",
        "IE",
        "IL",
        "IN",
        "IS",
        "IT",
        "JO",
        "JP",
        "KW",
        "LB",
        "LI",
        "LT",
        "LU",
        "LV",
        "MA",
        "MC",
        "MT",
        "MX",
        "MY",
        "NI",
        "NL",
        "NO",
        "NZ",
        "OM",
        "PA",
        "PE",
        "PH",
        "PL",
        "PS",
        "PT",
        "PY",
        "QA",
        "RO",
        "SA",
        "SE",
        "SG",
        "SK",
        "SV",
        "TH",
        "TN",
        "TR",
        "TW",
        "US",
        "UY",
        "VN",
        "ZA"
      ],
      "disc_number": 1,
      "duration_ms": 210520,
      "explicit": false,
      "external_ids": { "isrc": "USJ3V1156177" },
      "external_urls": {
        "spotify": "https://open.spotify.com/track/3AZ2FAKI5pGoRgRdAwN2Mq"
      },
      "href": "https://api.spotify.com/v1/tracks/3AZ2FAKI5pGoRgRdAwN2Mq",
      "id": "3AZ2FAKI5pGoRgRdAwN2Mq",
      "is_local": false,
      "name": "No Puedo Olvidarme Ti",
      "popularity": 59,
      "preview_url": "https://p.scdn.co/mp3-preview/bc2fa0e99ed191e75f84a96e85570ab5a3de556f?cid=4bffd52f83ce4f158e0e7c3b3c245f67",
      "track_number": 1,
      "type": "track",
      "uri": "spotify:track:3AZ2FAKI5pGoRgRdAwN2Mq"
    },
    {
      "album": {
        "album_type": "ALBUM",
        "artists": [
          {
            "external_urls": {
              "spotify": "https://open.spotify.com/artist/0LyfQWJT6nXafLPZqxe9Of"
            },
            "href": "https://api.spotify.com/v1/artists/0LyfQWJT6nXafLPZqxe9Of",
            "id": "0LyfQWJT6nXafLPZqxe9Of",
            "name": "Various Artists",
            "type": "artist",
            "uri": "spotify:artist:0LyfQWJT6nXafLPZqxe9Of"
          }
        ],
        "available_markets": [
          "AD",
          "AE",
          "AR",
          "AT",
          "AU",
          "BE",
          "BG",
          "BH",
          "BO",
          "BR",
          "CA",
          "CH",
          "CL",
          "CO",
          "CR",
          "CY",
          "CZ",
          "DE",
          "DK",
          "DO",
          "DZ",
          "EC",
          "EE",
          "EG",
          "ES",
          "FI",
          "FR",
          "GB",
          "GR",
          "GT",
          "HK",
          "HN",
          "HU",
          "ID",
          "IE",
          "IL",
          "IN",
          "IS",
          "IT",
          "JO",
          "JP",
          "KW",
          "LB",
          "LI",
          "LT",
          "LU",
          "LV",
          "MA",
          "MC",
          "MT",
          "MX",
          "MY",
          "NI",
          "NL",
          "NO",
          "NZ",
          "OM",
          "PA",
          "PE",
          "PH",
          "PL",
          "PS",
          "PT",
          "PY",
          "QA",
          "RO",
          "SA",
          "SE",
          "SG",
          "SK",
          "SV",
          "TH",
          "TN",
          "TR",
          "TW",
          "US",
          "UY",
          "VN",
          "ZA"
        ],
        "external_urls": {
          "spotify": "https://open.spotify.com/album/4IWtOvytK3AdSdxL7XgwsO"
        },
        "href": "https://api.spotify.com/v1/albums/4IWtOvytK3AdSdxL7XgwsO",
        "id": "4IWtOvytK3AdSdxL7XgwsO",
        "images": [
          {
            "height": 640,
            "url": "https://i.scdn.co/image/ab67616d0000b273160e37d30bb29b9930af5fa2",
            "width": 640
          },
          {
            "height": 300,
            "url": "https://i.scdn.co/image/ab67616d00001e02160e37d30bb29b9930af5fa2",
            "width": 300
          },
          {
            "height": 64,
            "url": "https://i.scdn.co/image/ab67616d00004851160e37d30bb29b9930af5fa2",
            "width": 64
          }
        ],
        "name": "Doxis: The Mixtape",
        "release_date": "2013-08-06",
        "release_date_precision": "day",
        "total_tracks": 0,
        "type": "album",
        "uri": "spotify:album:4IWtOvytK3AdSdxL7XgwsO"
      },
      "artists": [
        {
          "external_urls": {
            "spotify": "https://open.spotify.com/artist/12vb80Km0Ew53ABfJOepVz"
          },
          "href": "https://api.spotify.com/v1/artists/12vb80Km0Ew53ABfJOepVz",
          "id": "12vb80Km0Ew53ABfJOepVz",
          "name": "Nengo Flow",
          "type": "artist",
          "uri": "spotify:artist:12vb80Km0Ew53ABfJOepVz"
        },
        {
          "external_urls": {
            "spotify": "https://open.spotify.com/artist/4IMAo2UQchVFyPH24PAjUs"
          },
          "href": "https://api.spotify.com/v1/artists/4IMAo2UQchVFyPH24PAjUs",
          "id": "4IMAo2UQchVFyPH24PAjUs",
          "name": "Jowell & Randy",
          "type": "artist",
          "uri": "spotify:artist:4IMAo2UQchVFyPH24PAjUs"
        }
      ],
      "available_markets": [
        "AD",
        "AE",
        "AR",
        "AT",
        "AU",
        "BE",
        "BG",
        "BH",
        "BO",
        "BR",
        "CA",
        "CH",
        "CL",
        "CO",
        "CR",
        "CY",
        "CZ",
        "DE",
        "DK",
        "DO",
        "DZ",
        "EC",
        "EE",
        "EG",
        "ES",
        "FI",
        "FR",
        "GB",
        "GR",
        "GT",
        "HK",
        "HN",
        "HU",
        "ID",
        "IE",
        "IL",
        "IN",
        "IS",
        "IT",
        "JO",
        "JP",
        "KW",
        "LB",
        "LI",
        "LT",
        "LU",
        "LV",
        "MA",
        "MC",
        "MT",
        "MX",
        "MY",
        "NI",
        "NL",
        "NO",
        "NZ",
        "OM",
        "PA",
        "PE",
        "PH",
        "PL",
        "PS",
        "PT",
        "PY",
        "QA",
        "RO",
        "SA",
        "SE",
        "SG",
        "SK",
        "SV",
        "TH",
        "TN",
        "TR",
        "TW",
        "US",
        "UY",
        "VN",
        "ZA"
      ],
      "disc_number": 1,
      "duration_ms": 263473,
      "explicit": false,
      "external_ids": { "isrc": "QMFMG1319005" },
      "external_urls": {
        "spotify": "https://open.spotify.com/track/25Nw7OVHU77yxunQ68SAhP"
      },
      "href": "https://api.spotify.com/v1/tracks/25Nw7OVHU77yxunQ68SAhP",
      "id": "25Nw7OVHU77yxunQ68SAhP",
      "is_local": false,
      "name": "Bellaco Con Bellaca",
      "popularity": 44,
      "preview_url": "https://p.scdn.co/mp3-preview/66708f5dbe4e7f534002c79cdbf9447be5d55bca?cid=4bffd52f83ce4f158e0e7c3b3c245f67",
      "track_number": 3,
      "type": "track",
      "uri": "spotify:track:25Nw7OVHU77yxunQ68SAhP"
    },
    {
      "album": {
        "album_type": "ALBUM",
        "artists": [
          {
            "external_urls": {
              "spotify": "https://open.spotify.com/artist/7okwEbXzyT2VffBmyQBWLz"
            },
            "href": "https://api.spotify.com/v1/artists/7okwEbXzyT2VffBmyQBWLz",
            "id": "7okwEbXzyT2VffBmyQBWLz",
            "name": "Man\u00e1",
            "type": "artist",
            "uri": "spotify:artist:7okwEbXzyT2VffBmyQBWLz"
          }
        ],
        "available_markets": [
          "AD",
          "AE",
          "AR",
          "AT",
          "AU",
          "BE",
          "BG",
          "BH",
          "BO",
          "BR",
          "CA",
          "CH",
          "CL",
          "CO",
          "CR",
          "CY",
          "CZ",
          "DE",
          "DK",
          "DO",
          "DZ",
          "EC",
          "EE",
          "EG",
          "ES",
          "FI",
          "FR",
          "GB",
          "GR",
          "GT",
          "HK",
          "HN",
          "HU",
          "ID",
          "IE",
          "IL",
          "IN",
          "IS",
          "IT",
          "JO",
          "JP",
          "KW",
          "LB",
          "LI",
          "LT",
          "LU",
          "LV",
          "MA",
          "MC",
          "MT",
          "MX",
          "MY",
          "NI",
          "NL",
          "NO",
          "NZ",
          "OM",
          "PA",
          "PE",
          "PH",
          "PL",
          "PS",
          "PT",
          "PY",
          "QA",
          "RO",
          "SA",
          "SE",
          "SG",
          "SK",
          "SV",
          "TH",
          "TN",
          "TR",
          "TW",
          "US",
          "UY",
          "VN",
          "ZA"
        ],
        "external_urls": {
          "spotify": "https://open.spotify.com/album/6HrRHewMLfZLSkwJyZgr3V"
        },
        "href": "https://api.spotify.com/v1/albums/6HrRHewMLfZLSkwJyZgr3V",
        "id": "6HrRHewMLfZLSkwJyZgr3V",
        "images": [
          {
            "height": 640,
            "url": "https://i.scdn.co/image/ab67616d0000b27314ba3e999835ddf8012772de",
            "width": 640
          },
          {
            "height": 300,
            "url": "https://i.scdn.co/image/ab67616d00001e0214ba3e999835ddf8012772de",
            "width": 300
          },
          {
            "height": 64,
            "url": "https://i.scdn.co/image/ab67616d0000485114ba3e999835ddf8012772de",
            "width": 64
          }
        ],
        "name": "Revoluci\u00f3n De Amor",
        "release_date": "2002-08-19",
        "release_date_precision": "day",
        "total_tracks": 0,
        "type": "album",
        "uri": "spotify:album:6HrRHewMLfZLSkwJyZgr3V"
      },
      "artists": [
        {
          "external_urls": {
            "spotify": "https://open.spotify.com/artist/7okwEbXzyT2VffBmyQBWLz"
          },
          "href": "https://api.spotify.com/v1/artists/7okwEbXzyT2VffBmyQBWLz",
          "id": "7okwEbXzyT2VffBmyQBWLz",
          "name": "Man\u00e1",
          "type": "artist",
          "uri": "spotify:artist:7okwEbXzyT2VffBmyQBWLz"
        }
      ],
      "available_markets": [
        "AD",
        "AE",
        "AR",
        "AT",
        "AU",
        "BE",
        "BG",
        "BH",
        "BO",
        "BR",
        "CA",
        "CH",
        "CL",
        "CO",
        "CR",
        "CY",
        "CZ",
        "DE",
        "DK",
        "DO",
        "DZ",
        "EC",
        "EE",
        "EG",
        "ES",
        "FI",
        "FR",
        "GB",
        "GR",
        "GT",
        "HK",
        "HN",
        "HU",
        "ID",
        "IE",
        "IL",
        "IS",
        "IT",
        "JO",
        "JP",
        "KW",
        "LB",
        "LI",
        "LT",
        "LU",
        "LV",
        "MA",
        "MC",
        "MT",
        "MX",
        "MY",
        "NI",
        "NL",
        "NO",
        "NZ",
        "OM",
        "PA",
        "PE",
        "PH",
        "PL",
        "PS",
        "PT",
        "PY",
        "QA",
        "RO",
        "SA",
        "SE",
        "SG",
        "SK",
        "SV",
        "TH",
        "TN",
        "TR",
        "TW",
        "US",
        "UY",
        "VN",
        "ZA"
      ],
      "disc_number": 1,
      "duration_ms": 264599,
      "explicit": false,
      "external_ids": { "isrc": "MXF150200070" },
      "external_urls": {
        "spotify": "https://open.spotify.com/track/0Pjsm4AaJGPOXHoB6xCgJB"
      },
      "href": "https://api.spotify.com/v1/tracks/0Pjsm4AaJGPOXHoB6xCgJB",
      "id": "0Pjsm4AaJGPOXHoB6xCgJB",
      "is_local": false,
      "name": "Mariposa Traicionera",
      "popularity": 65,
      "preview_url": "https://p.scdn.co/mp3-preview/947b6447ce3d525acff21cd1bbc03fe095a41a33?cid=4bffd52f83ce4f158e0e7c3b3c245f67",
      "track_number": 7,
      "type": "track",
      "uri": "spotify:track:0Pjsm4AaJGPOXHoB6xCgJB"
    },
    {
      "album": {
        "album_type": "ALBUM",
        "artists": [
          {
            "external_urls": {
              "spotify": "https://open.spotify.com/artist/7FZj349hdLfD6qzXkJLuAh"
            },
            "href": "https://api.spotify.com/v1/artists/7FZj349hdLfD6qzXkJLuAh",
            "id": "7FZj349hdLfD6qzXkJLuAh",
            "name": "La Quinta Estacion",
            "type": "artist",
            "uri": "spotify:artist:7FZj349hdLfD6qzXkJLuAh"
          }
        ],
        "available_markets": [
          "AD",
          "AE",
          "AR",
          "AT",
          "AU",
          "BE",
          "BG",
          "BH",
          "BO",
          "BR",
          "CA",
          "CH",
          "CL",
          "CO",
          "CR",
          "CY",
          "CZ",
          "DE",
          "DK",
          "DO",
          "DZ",
          "EC",
          "EE",
          "EG",
          "ES",
          "FI",
          "FR",
          "GB",
          "GR",
          "GT",
          "HK",
          "HN",
          "HU",
          "ID",
          "IE",
          "IL",
          "IN",
          "IS",
          "IT",
          "JO",
          "JP",
          "KW",
          "LB",
          "LI",
          "LT",
          "LU",
          "LV",
          "MA",
          "MC",
          "MT",
          "MX",
          "MY",
          "NI",
          "NL",
          "NO",
          "NZ",
          "OM",
          "PA",
          "PE",
          "PH",
          "PL",
          "PS",
          "PT",
          "PY",
          "QA",
          "RO",
          "SA",
          "SE",
          "SG",
          "SK",
          "SV",
          "TH",
          "TN",
          "TR",
          "TW",
          "US",
          "UY",
          "VN",
          "ZA"
        ],
        "external_urls": {
          "spotify": "https://open.spotify.com/album/2IdCNfB4mJGsGCzGt6FnHs"
        },
        "href": "https://api.spotify.com/v1/albums/2IdCNfB4mJGsGCzGt6FnHs",
        "id": "2IdCNfB4mJGsGCzGt6FnHs",
        "images": [
          {
            "height": 640,
            "url": "https://i.scdn.co/image/ab67616d0000b2731daaff00746344ca90245833",
            "width": 640
          },
          {
            "height": 300,
            "url": "https://i.scdn.co/image/ab67616d00001e021daaff00746344ca90245833",
            "width": 300
          },
          {
            "height": 64,
            "url": "https://i.scdn.co/image/ab67616d000048511daaff00746344ca90245833",
            "width": 64
          }
        ],
        "name": "Flores De Alquiler",
        "release_date": "2004-03-02",
        "release_date_precision": "day",
        "total_tracks": 0,
        "type": "album",
        "uri": "spotify:album:2IdCNfB4mJGsGCzGt6FnHs"
      },
      "artists": [
        {
          "external_urls": {
            "spotify": "https://open.spotify.com/artist/7FZj349hdLfD6qzXkJLuAh"
          },
          "href": "https://api.spotify.com/v1/artists/7FZj349hdLfD6qzXkJLuAh",
          "id": "7FZj349hdLfD6qzXkJLuAh",
          "name": "La Quinta Estacion",
          "type": "artist",
          "uri": "spotify:artist:7FZj349hdLfD6qzXkJLuAh"
        }
      ],
      "available_markets": [
        "AR",
        "BO",
        "BR",
        "CL",
        "CO",
        "CR",
        "DO",
        "EC",
        "GT",
        "HN",
        "MX",
        "NI",
        "PA",
        "PE",
        "PY",
        "SV",
        "UY"
      ],
      "disc_number": 1,
      "duration_ms": 228560,
      "explicit": false,
      "external_ids": { "isrc": "MXF010400019" },
      "external_urls": {
        "spotify": "https://open.spotify.com/track/2awKQgW88iq9jFM54VaCAp"
      },
      "href": "https://api.spotify.com/v1/tracks/2awKQgW88iq9jFM54VaCAp",
      "id": "2awKQgW88iq9jFM54VaCAp",
      "is_local": false,
      "name": "El Sol No Regresa",
      "popularity": 72,
      "preview_url": "https://p.scdn.co/mp3-preview/3ec5a2d5b9be0820ff94531374c1e572deae2631?cid=4bffd52f83ce4f158e0e7c3b3c245f67",
      "track_number": 1,
      "type": "track",
      "uri": "spotify:track:2awKQgW88iq9jFM54VaCAp"
    },
    {
      "album": {
        "album_type": "ALBUM",
        "artists": [
          {
            "external_urls": {
              "spotify": "https://open.spotify.com/artist/4GAS1OgXh8D5pEA6s6eBNW"
            },
            "href": "https://api.spotify.com/v1/artists/4GAS1OgXh8D5pEA6s6eBNW",
            "id": "4GAS1OgXh8D5pEA6s6eBNW",
            "name": "Valentino",
            "type": "artist",
            "uri": "spotify:artist:4GAS1OgXh8D5pEA6s6eBNW"
          }
        ],
        "available_markets": [
          "AD",
          "AE",
          "AR",
          "AT",
          "AU",
          "BE",
          "BG",
          "BH",
          "BO",
          "BR",
          "CA",
          "CH",
          "CL",
          "CO",
          "CR",
          "CY",
          "CZ",
          "DE",
          "DK",
          "DO",
          "DZ",
          "EC",
          "EE",
          "EG",
          "ES",
          "FI",
          "FR",
          "GB",
          "GR",
          "GT",
          "HK",
          "HN",
          "HU",
          "ID",
          "IE",
          "IL",
          "IN",
          "IS",
          "IT",
          "JO",
          "JP",
          "KW",
          "LB",
          "LI",
          "LT",
          "LU",
          "LV",
          "MA",
          "MC",
          "MT",
          "MX",
          "MY",
          "NI",
          "NL",
          "NO",
          "NZ",
          "OM",
          "PA",
          "PE",
          "PH",
          "PL",
          "PS",
          "PT",
          "PY",
          "QA",
          "RO",
          "SA",
          "SE",
          "SG",
          "SK",
          "SV",
          "TH",
          "TN",
          "TR",
          "TW",
          "US",
          "UY",
          "VN",
          "ZA"
        ],
        "external_urls": {
          "spotify": "https://open.spotify.com/album/0lroVVwbkxTnTCrfdh6AxJ"
        },
        "href": "https://api.spotify.com/v1/albums/0lroVVwbkxTnTCrfdh6AxJ",
        "id": "0lroVVwbkxTnTCrfdh6AxJ",
        "images": [
          {
            "height": 640,
            "url": "https://i.scdn.co/image/ab67616d0000b2736ab8b8da2b02ab9c929f0d60",
            "width": 640
          },
          {
            "height": 300,
            "url": "https://i.scdn.co/image/ab67616d00001e026ab8b8da2b02ab9c929f0d60",
            "width": 300
          },
          {
            "height": 64,
            "url": "https://i.scdn.co/image/ab67616d000048516ab8b8da2b02ab9c929f0d60",
            "width": 64
          }
        ],
        "name": "Besame",
        "release_date": "2017-05-31",
        "release_date_precision": "day",
        "total_tracks": 0,
        "type": "album",
        "uri": "spotify:album:0lroVVwbkxTnTCrfdh6AxJ"
      },
      "artists": [
        {
          "external_urls": {
            "spotify": "https://open.spotify.com/artist/4GAS1OgXh8D5pEA6s6eBNW"
          },
          "href": "https://api.spotify.com/v1/artists/4GAS1OgXh8D5pEA6s6eBNW",
          "id": "4GAS1OgXh8D5pEA6s6eBNW",
          "name": "Valentino",
          "type": "artist",
          "uri": "spotify:artist:4GAS1OgXh8D5pEA6s6eBNW"
        },
        {
          "external_urls": {
            "spotify": "https://open.spotify.com/artist/0tmwSHipWxN12fsoLcFU3B"
          },
          "href": "https://api.spotify.com/v1/artists/0tmwSHipWxN12fsoLcFU3B",
          "id": "0tmwSHipWxN12fsoLcFU3B",
          "name": "Manuel Turizo",
          "type": "artist",
          "uri": "spotify:artist:0tmwSHipWxN12fsoLcFU3B"
        }
      ],
      "available_markets": [
        "AE",
        "AT",
        "AU",
        "BE",
        "BG",
        "BH",
        "CA",
        "CH",
        "CY",
        "CZ",
        "DE",
        "DK",
        "DO",
        "DZ",
        "EE",
        "EG",
        "FI",
        "FR",
        "GB",
        "GR",
        "HK",
        "HU",
        "ID",
        "IE",
        "IL",
        "IN",
        "IS",
        "IT",
        "JO",
        "JP",
        "KW",
        "LB",
        "LI",
        "LT",
        "LU",
        "LV",
        "MA",
        "MC",
        "MT",
        "MY",
        "NL",
        "NO",
        "NZ",
        "OM",
        "PH",
        "PL",
        "PS",
        "QA",
        "RO",
        "SA",
        "SE",
        "SG",
        "SK",
        "TH",
        "TN",
        "TR",
        "TW",
        "US",
        "VN",
        "ZA"
      ],
      "disc_number": 1,
      "duration_ms": 232146,
      "explicit": false,
      "external_ids": { "isrc": "ES71G1727023" },
      "external_urls": {
        "spotify": "https://open.spotify.com/track/7Ckhk1XW5NV2k4jpqtQNlz"
      },
      "href": "https://api.spotify.com/v1/tracks/7Ckhk1XW5NV2k4jpqtQNlz",
      "id": "7Ckhk1XW5NV2k4jpqtQNlz",
      "is_local": false,
      "name": "Besame",
      "popularity": 51,
      "preview_url": "https://p.scdn.co/mp3-preview/00c7ab4fdbf82f02aae10637b9080a33e7161c45?cid=4bffd52f83ce4f158e0e7c3b3c245f67",
      "track_number": 1,
      "type": "track",
      "uri": "spotify:track:7Ckhk1XW5NV2k4jpqtQNlz"
    },
    {
      "album": {
        "album_type": "ALBUM",
        "artists": [
          {
            "external_urls": {
              "spotify": "https://open.spotify.com/artist/4aeIWo5CMF1uRmqgJdwkZW"
            },
            "href": "https://api.spotify.com/v1/artists/4aeIWo5CMF1uRmqgJdwkZW",
            "id": "4aeIWo5CMF1uRmqgJdwkZW",
            "name": "Joaqu\u00edn Sabina",
            "type": "artist",
            "uri": "spotify:artist:4aeIWo5CMF1uRmqgJdwkZW"
          }
        ],
        "available_markets": [
          "AD",
          "AE",
          "AR",
          "AT",
          "AU",
          "BE",
          "BG",
          "BH",
          "BO",
          "BR",
          "CA",
          "CH",
          "CL",
          "CO",
          "CR",
          "CY",
          "CZ",
          "DE",
          "DK",
          "DO",
          "DZ",
          "EC",
          "EE",
          "EG",
          "ES",
          "FI",
          "FR",
          "GB",
          "GR",
          "GT",
          "HK",
          "HN",
          "HU",
          "ID",
          "IE",
          "IL",
          "IN",
          "IS",
          "IT",
          "JO",
          "JP",
          "KW",
          "LB",
          "LI",
          "LT",
          "LU",
          "LV",
          "MA",
          "MC",
          "MT",
          "MX",
          "MY",
          "NI",
          "NL",
          "NO",
          "NZ",
          "OM",
          "PA",
          "PE",
          "PH",
          "PL",
          "PS",
          "PT",
          "PY",
          "QA",
          "RO",
          "SA",
          "SE",
          "SG",
          "SK",
          "SV",
          "TH",
          "TN",
          "TR",
          "TW",
          "US",
          "UY",
          "VN",
          "ZA"
        ],
        "external_urls": {
          "spotify": "https://open.spotify.com/album/1hRchXbVPTu1YgyzdkR7XS"
        },
        "href": "https://api.spotify.com/v1/albums/1hRchXbVPTu1YgyzdkR7XS",
        "id": "1hRchXbVPTu1YgyzdkR7XS",
        "images": [
          {
            "height": 640,
            "url": "https://i.scdn.co/image/ab67616d0000b273ce0111013734b1a32c1bb776",
            "width": 640
          },
          {
            "height": 300,
            "url": "https://i.scdn.co/image/ab67616d00001e02ce0111013734b1a32c1bb776",
            "width": 300
          },
          {
            "height": 64,
            "url": "https://i.scdn.co/image/ab67616d00004851ce0111013734b1a32c1bb776",
            "width": 64
          }
        ],
        "name": "Juez Y Parte",
        "release_date": "1985",
        "release_date_precision": "year",
        "total_tracks": 0,
        "type": "album",
        "uri": "spotify:album:1hRchXbVPTu1YgyzdkR7XS"
      },
      "artists": [
        {
          "external_urls": {
            "spotify": "https://open.spotify.com/artist/77JFXiVvftzgV1WRx2mNve"
          },
          "href": "https://api.spotify.com/v1/artists/77JFXiVvftzgV1WRx2mNve",
          "id": "77JFXiVvftzgV1WRx2mNve",
          "name": "Joaquin Sabina y Viceversa",
          "type": "artist",
          "uri": "spotify:artist:77JFXiVvftzgV1WRx2mNve"
        }
      ],
      "available_markets": [
        "AD",
        "AE",
        "AR",
        "AT",
        "AU",
        "BE",
        "BG",
        "BH",
        "BO",
        "BR",
        "CA",
        "CH",
        "CL",
        "CO",
        "CR",
        "CY",
        "CZ",
        "DE",
        "DK",
        "DO",
        "DZ",
        "EC",
        "EE",
        "EG",
        "ES",
        "FI",
        "FR",
        "GB",
        "GR",
        "GT",
        "HN",
        "HU",
        "IE",
        "IL",
        "IS",
        "IT",
        "JO",
        "JP",
        "KW",
        "LB",
        "LI",
        "LT",
        "LU",
        "LV",
        "MA",
        "MC",
        "MT",
        "NI",
        "NL",
        "NO",
        "NZ",
        "OM",
        "PA",
        "PE",
        "PL",
        "PS",
        "PT",
        "PY",
        "QA",
        "RO",
        "SA",
        "SE",
        "SK",
        "SV",
        "TN",
        "TR",
        "US",
        "UY",
        "ZA"
      ],
      "disc_number": 1,
      "duration_ms": 244733,
      "explicit": false,
      "external_ids": { "isrc": "ES5028500105" },
      "external_urls": {
        "spotify": "https://open.spotify.com/track/0C1OcBOsuFmFFGkh3FWIGG"
      },
      "href": "https://api.spotify.com/v1/tracks/0C1OcBOsuFmFFGkh3FWIGG",
      "id": "0C1OcBOsuFmFFGkh3FWIGG",
      "is_local": false,
      "name": "Princesa",
      "popularity": 47,
      "preview_url": "https://p.scdn.co/mp3-preview/e0b244d0da16b972aa810809ab7569c1b04dcfbb?cid=4bffd52f83ce4f158e0e7c3b3c245f67",
      "track_number": 9,
      "type": "track",
      "uri": "spotify:track:0C1OcBOsuFmFFGkh3FWIGG"
    },
    {
      "album": {
        "album_type": "ALBUM",
        "artists": [
          {
            "external_urls": {
              "spotify": "https://open.spotify.com/artist/0z0w28IvsF1gsKhVAMbh9p"
            },
            "href": "https://api.spotify.com/v1/artists/0z0w28IvsF1gsKhVAMbh9p",
            "id": "0z0w28IvsF1gsKhVAMbh9p",
            "name": "DLG",
            "type": "artist",
            "uri": "spotify:artist:0z0w28IvsF1gsKhVAMbh9p"
          }
        ],
        "available_markets": [
          "AD",
          "AE",
          "AR",
          "AT",
          "AU",
          "BE",
          "BG",
          "BH",
          "BO",
          "BR",
          "CA",
          "CH",
          "CL",
          "CO",
          "CR",
          "CY",
          "CZ",
          "DE",
          "DK",
          "DO",
          "DZ",
          "EC",
          "EE",
          "EG",
          "ES",
          "FI",
          "FR",
          "GB",
          "GR",
          "GT",
          "HK",
          "HN",
          "HU",
          "ID",
          "IE",
          "IL",
          "IN",
          "IS",
          "IT",
          "JO",
          "JP",
          "KW",
          "LB",
          "LI",
          "LT",
          "LU",
          "LV",
          "MA",
          "MC",
          "MT",
          "MX",
          "MY",
          "NI",
          "NL",
          "NO",
          "NZ",
          "OM",
          "PA",
          "PE",
          "PH",
          "PL",
          "PS",
          "PT",
          "PY",
          "QA",
          "RO",
          "SA",
          "SE",
          "SG",
          "SK",
          "SV",
          "TH",
          "TN",
          "TR",
          "TW",
          "US",
          "UY",
          "VN",
          "ZA"
        ],
        "external_urls": {
          "spotify": "https://open.spotify.com/album/0xgbPkhH5Hvuqa0hBGjpj3"
        },
        "href": "https://api.spotify.com/v1/albums/0xgbPkhH5Hvuqa0hBGjpj3",
        "id": "0xgbPkhH5Hvuqa0hBGjpj3",
        "images": [
          {
            "height": 640,
            "url": "https://i.scdn.co/image/ab67616d0000b273f6bde804ea36842277429f83",
            "width": 640
          },
          {
            "height": 300,
            "url": "https://i.scdn.co/image/ab67616d00001e02f6bde804ea36842277429f83",
            "width": 300
          },
          {
            "height": 64,
            "url": "https://i.scdn.co/image/ab67616d00004851f6bde804ea36842277429f83",
            "width": 64
          }
        ],
        "name": "Lo Esencial",
        "release_date": "1996",
        "release_date_precision": "year",
        "total_tracks": 0,
        "type": "album",
        "uri": "spotify:album:0xgbPkhH5Hvuqa0hBGjpj3"
      },
      "artists": [
        {
          "external_urls": {
            "spotify": "https://open.spotify.com/artist/0z0w28IvsF1gsKhVAMbh9p"
          },
          "href": "https://api.spotify.com/v1/artists/0z0w28IvsF1gsKhVAMbh9p",
          "id": "0z0w28IvsF1gsKhVAMbh9p",
          "name": "DLG",
          "type": "artist",
          "uri": "spotify:artist:0z0w28IvsF1gsKhVAMbh9p"
        }
      ],
      "available_markets": [
        "AD",
        "AE",
        "AR",
        "AT",
        "AU",
        "BE",
        "BG",
        "BH",
        "BO",
        "BR",
        "CA",
        "CH",
        "CL",
        "CO",
        "CR",
        "CY",
        "CZ",
        "DE",
        "DK",
        "DO",
        "DZ",
        "EC",
        "EE",
        "EG",
        "ES",
        "FI",
        "FR",
        "GB",
        "GR",
        "GT",
        "HK",
        "HN",
        "HU",
        "ID",
        "IE",
        "IL",
        "IN",
        "IS",
        "IT",
        "JO",
        "JP",
        "KW",
        "LB",
        "LI",
        "LT",
        "LU",
        "LV",
        "MA",
        "MC",
        "MT",
        "MX",
        "MY",
        "NI",
        "NL",
        "NO",
        "NZ",
        "OM",
        "PA",
        "PE",
        "PH",
        "PL",
        "PS",
        "PT",
        "PY",
        "QA",
        "RO",
        "SA",
        "SE",
        "SG",
        "SK",
        "SV",
        "TH",
        "TN",
        "TR",
        "TW",
        "US",
        "UY",
        "VN",
        "ZA"
      ],
      "disc_number": 1,
      "duration_ms": 270653,
      "explicit": false,
      "external_ids": { "isrc": "USSD10004363" },
      "external_urls": {
        "spotify": "https://open.spotify.com/track/4kWiuee1G91YS3QZJPTq4A"
      },
      "href": "https://api.spotify.com/v1/tracks/4kWiuee1G91YS3QZJPTq4A",
      "id": "4kWiuee1G91YS3QZJPTq4A",
      "is_local": false,
      "name": "No Morir\u00e1 - No Matter What",
      "popularity": 50,
      "preview_url": "https://p.scdn.co/mp3-preview/361b2b9b2007181d54ae9d0f55dc0ba834c52a87?cid=4bffd52f83ce4f158e0e7c3b3c245f67",
      "track_number": 7,
      "type": "track",
      "uri": "spotify:track:4kWiuee1G91YS3QZJPTq4A"
    },
    {
      "album": {
        "album_type": "ALBUM",
        "artists": [
          {
            "external_urls": {
              "spotify": "https://open.spotify.com/artist/5sUrlPAHlS9NEirDB8SEbF"
            },
            "href": "https://api.spotify.com/v1/artists/5sUrlPAHlS9NEirDB8SEbF",
            "id": "5sUrlPAHlS9NEirDB8SEbF",
            "name": "Alejandro Sanz",
            "type": "artist",
            "uri": "spotify:artist:5sUrlPAHlS9NEirDB8SEbF"
          }
        ],
        "available_markets": [
          "AD",
          "AE",
          "AR",
          "AT",
          "AU",
          "BE",
          "BG",
          "BH",
          "BO",
          "BR",
          "CA",
          "CH",
          "CL",
          "CO",
          "CR",
          "CY",
          "CZ",
          "DE",
          "DK",
          "DO",
          "DZ",
          "EC",
          "EE",
          "EG",
          "ES",
          "FI",
          "FR",
          "GB",
          "GR",
          "GT",
          "HK",
          "HN",
          "HU",
          "ID",
          "IE",
          "IL",
          "IN",
          "IS",
          "IT",
          "JO",
          "JP",
          "KW",
          "LB",
          "LI",
          "LT",
          "LU",
          "LV",
          "MA",
          "MC",
          "MT",
          "MX",
          "MY",
          "NI",
          "NL",
          "NO",
          "NZ",
          "OM",
          "PA",
          "PE",
          "PH",
          "PL",
          "PS",
          "PT",
          "PY",
          "QA",
          "RO",
          "SA",
          "SE",
          "SG",
          "SK",
          "SV",
          "TH",
          "TN",
          "TR",
          "TW",
          "US",
          "UY",
          "VN",
          "ZA"
        ],
        "external_urls": {
          "spotify": "https://open.spotify.com/album/3MfNbOJuFb5H4CjrT49oiI"
        },
        "href": "https://api.spotify.com/v1/albums/3MfNbOJuFb5H4CjrT49oiI",
        "id": "3MfNbOJuFb5H4CjrT49oiI",
        "images": [
          {
            "height": 640,
            "url": "https://i.scdn.co/image/ab67616d0000b2733443d9c76e9713a5986c983c",
            "width": 640
          },
          {
            "height": 300,
            "url": "https://i.scdn.co/image/ab67616d00001e023443d9c76e9713a5986c983c",
            "width": 300
          },
          {
            "height": 64,
            "url": "https://i.scdn.co/image/ab67616d000048513443d9c76e9713a5986c983c",
            "width": 64
          }
        ],
        "name": "M\u00e1s",
        "release_date": "1997-08-28",
        "release_date_precision": "day",
        "total_tracks": 0,
        "type": "album",
        "uri": "spotify:album:3MfNbOJuFb5H4CjrT49oiI"
      },
      "artists": [
        {
          "external_urls": {
            "spotify": "https://open.spotify.com/artist/5sUrlPAHlS9NEirDB8SEbF"
          },
          "href": "https://api.spotify.com/v1/artists/5sUrlPAHlS9NEirDB8SEbF",
          "id": "5sUrlPAHlS9NEirDB8SEbF",
          "name": "Alejandro Sanz",
          "type": "artist",
          "uri": "spotify:artist:5sUrlPAHlS9NEirDB8SEbF"
        }
      ],
      "available_markets": [
        "AD",
        "AE",
        "AR",
        "AT",
        "AU",
        "BE",
        "BG",
        "BH",
        "BO",
        "BR",
        "CA",
        "CH",
        "CL",
        "CO",
        "CR",
        "CY",
        "CZ",
        "DE",
        "DK",
        "DO",
        "DZ",
        "EC",
        "EE",
        "EG",
        "ES",
        "FI",
        "FR",
        "GB",
        "GR",
        "GT",
        "HK",
        "HN",
        "HU",
        "ID",
        "IE",
        "IL",
        "IS",
        "IT",
        "JO",
        "JP",
        "KW",
        "LB",
        "LI",
        "LT",
        "LU",
        "LV",
        "MA",
        "MC",
        "MT",
        "MX",
        "MY",
        "NI",
        "NL",
        "NO",
        "NZ",
        "OM",
        "PA",
        "PE",
        "PH",
        "PL",
        "PS",
        "PT",
        "PY",
        "QA",
        "RO",
        "SA",
        "SE",
        "SG",
        "SK",
        "SV",
        "TH",
        "TN",
        "TR",
        "TW",
        "US",
        "UY",
        "VN",
        "ZA"
      ],
      "disc_number": 1,
      "duration_ms": 343413,
      "explicit": false,
      "external_ids": { "isrc": "ES5159706045" },
      "external_urls": {
        "spotify": "https://open.spotify.com/track/0wQCKR9OFjYu5Kzrk7WivJ"
      },
      "href": "https://api.spotify.com/v1/tracks/0wQCKR9OFjYu5Kzrk7WivJ",
      "id": "0wQCKR9OFjYu5Kzrk7WivJ",
      "is_local": false,
      "name": "Coraz\u00f3n part\u00edo",
      "popularity": 73,
      "preview_url": "https://p.scdn.co/mp3-preview/cee7191f8b94d18b77bf6a6382d34f5418844095?cid=4bffd52f83ce4f158e0e7c3b3c245f67",
      "track_number": 3,
      "type": "track",
      "uri": "spotify:track:0wQCKR9OFjYu5Kzrk7WivJ"
    },
    {
      "album": {
        "album_type": "ALBUM",
        "artists": [
          {
            "external_urls": {
              "spotify": "https://open.spotify.com/artist/6XFITTl7cFTdopDY3lUdlY"
            },
            "href": "https://api.spotify.com/v1/artists/6XFITTl7cFTdopDY3lUdlY",
            "id": "6XFITTl7cFTdopDY3lUdlY",
            "name": "J Alvarez",
            "type": "artist",
            "uri": "spotify:artist:6XFITTl7cFTdopDY3lUdlY"
          }
        ],
        "available_markets": [
          "AD",
          "AE",
          "AR",
          "AT",
          "AU",
          "BE",
          "BG",
          "BH",
          "BO",
          "BR",
          "CA",
          "CH",
          "CL",
          "CO",
          "CR",
          "CY",
          "CZ",
          "DE",
          "DK",
          "DO",
          "DZ",
          "EC",
          "EE",
          "EG",
          "ES",
          "FI",
          "FR",
          "GB",
          "GR",
          "GT",
          "HK",
          "HN",
          "HU",
          "ID",
          "IE",
          "IL",
          "IN",
          "IS",
          "IT",
          "JO",
          "JP",
          "KW",
          "LB",
          "LI",
          "LT",
          "LU",
          "LV",
          "MA",
          "MC",
          "MT",
          "MX",
          "MY",
          "NI",
          "NL",
          "NO",
          "NZ",
          "OM",
          "PA",
          "PE",
          "PH",
          "PL",
          "PS",
          "PT",
          "PY",
          "QA",
          "RO",
          "SA",
          "SE",
          "SG",
          "SK",
          "SV",
          "TH",
          "TN",
          "TR",
          "TW",
          "US",
          "UY",
          "VN",
          "ZA"
        ],
        "external_urls": {
          "spotify": "https://open.spotify.com/album/70MlPWqiWt8nE5zxqVRgM2"
        },
        "href": "https://api.spotify.com/v1/albums/70MlPWqiWt8nE5zxqVRgM2",
        "id": "70MlPWqiWt8nE5zxqVRgM2",
        "images": [
          {
            "height": 640,
            "url": "https://i.scdn.co/image/ab67616d0000b273d33f8f4911fcbb4c2f706365",
            "width": 640
          },
          {
            "height": 300,
            "url": "https://i.scdn.co/image/ab67616d00001e02d33f8f4911fcbb4c2f706365",
            "width": 300
          },
          {
            "height": 64,
            "url": "https://i.scdn.co/image/ab67616d00004851d33f8f4911fcbb4c2f706365",
            "width": 64
          }
        ],
        "name": "Otro Nivel De Musica",
        "release_date": "2011-09-20",
        "release_date_precision": "day",
        "total_tracks": 0,
        "type": "album",
        "uri": "spotify:album:70MlPWqiWt8nE5zxqVRgM2"
      },
      "artists": [
        {
          "external_urls": {
            "spotify": "https://open.spotify.com/artist/6XFITTl7cFTdopDY3lUdlY"
          },
          "href": "https://api.spotify.com/v1/artists/6XFITTl7cFTdopDY3lUdlY",
          "id": "6XFITTl7cFTdopDY3lUdlY",
          "name": "J Alvarez",
          "type": "artist",
          "uri": "spotify:artist:6XFITTl7cFTdopDY3lUdlY"
        }
      ],
      "available_markets": [],
      "disc_number": 1,
      "duration_ms": 250226,
      "explicit": false,
      "external_ids": { "isrc": "USASN1102512" },
      "external_urls": {
        "spotify": "https://open.spotify.com/track/0m0GZ74kSWNAh8I6NfuqMs"
      },
      "href": "https://api.spotify.com/v1/tracks/0m0GZ74kSWNAh8I6NfuqMs",
      "id": "0m0GZ74kSWNAh8I6NfuqMs",
      "is_local": false,
      "name": "Sexo, Sudor y Calor (feat. \u00d1ejo & Dalmata)",
      "popularity": 0,
      "preview_url": null,
      "track_number": 12,
      "type": "track",
      "uri": "spotify:track:0m0GZ74kSWNAh8I6NfuqMs"
    },
    {
      "album": {
        "album_type": "ALBUM",
        "artists": [
          {
            "external_urls": {
              "spotify": "https://open.spotify.com/artist/1ackd5XprZEkH3McKbQD51"
            },
            "href": "https://api.spotify.com/v1/artists/1ackd5XprZEkH3McKbQD51",
            "id": "1ackd5XprZEkH3McKbQD51",
            "name": "Juan Mag\u00e1n",
            "type": "artist",
            "uri": "spotify:artist:1ackd5XprZEkH3McKbQD51"
          },
          {
            "external_urls": {
              "spotify": "https://open.spotify.com/artist/5Z09V5ytr1lURpgehSAPRx"
            },
            "href": "https://api.spotify.com/v1/artists/5Z09V5ytr1lURpgehSAPRx",
            "id": "5Z09V5ytr1lURpgehSAPRx",
            "name": "Salgado",
            "type": "artist",
            "uri": "spotify:artist:5Z09V5ytr1lURpgehSAPRx"
          }
        ],
        "available_markets": [
          "AD",
          "AE",
          "AR",
          "AT",
          "AU",
          "BE",
          "BG",
          "BH",
          "BO",
          "BR",
          "CA",
          "CH",
          "CL",
          "CO",
          "CR",
          "CY",
          "CZ",
          "DE",
          "DK",
          "DO",
          "DZ",
          "EC",
          "EE",
          "EG",
          "ES",
          "FI",
          "FR",
          "GB",
          "GR",
          "GT",
          "HK",
          "HN",
          "HU",
          "ID",
          "IE",
          "IL",
          "IN",
          "IS",
          "IT",
          "JO",
          "JP",
          "KW",
          "LB",
          "LI",
          "LT",
          "LU",
          "LV",
          "MA",
          "MC",
          "MT",
          "MX",
          "MY",
          "NI",
          "NL",
          "NO",
          "NZ",
          "OM",
          "PA",
          "PE",
          "PH",
          "PL",
          "PS",
          "PT",
          "PY",
          "QA",
          "RO",
          "SA",
          "SE",
          "SG",
          "SK",
          "SV",
          "TH",
          "TN",
          "TR",
          "TW",
          "US",
          "UY",
          "VN",
          "ZA"
        ],
        "external_urls": {
          "spotify": "https://open.spotify.com/album/4UKb7aEYUisplqNbmdgiCJ"
        },
        "href": "https://api.spotify.com/v1/albums/4UKb7aEYUisplqNbmdgiCJ",
        "id": "4UKb7aEYUisplqNbmdgiCJ",
        "images": [
          {
            "height": 640,
            "url": "https://i.scdn.co/image/ab67616d0000b2730eeeb592e67261af08a16aee",
            "width": 640
          },
          {
            "height": 300,
            "url": "https://i.scdn.co/image/ab67616d00001e020eeeb592e67261af08a16aee",
            "width": 300
          },
          {
            "height": 64,
            "url": "https://i.scdn.co/image/ab67616d000048510eeeb592e67261af08a16aee",
            "width": 64
          }
        ],
        "name": "Chica Latina",
        "release_date": "2011-06-26",
        "release_date_precision": "day",
        "total_tracks": 0,
        "type": "album",
        "uri": "spotify:album:4UKb7aEYUisplqNbmdgiCJ"
      },
      "artists": [
        {
          "external_urls": {
            "spotify": "https://open.spotify.com/artist/1ackd5XprZEkH3McKbQD51"
          },
          "href": "https://api.spotify.com/v1/artists/1ackd5XprZEkH3McKbQD51",
          "id": "1ackd5XprZEkH3McKbQD51",
          "name": "Juan Mag\u00e1n",
          "type": "artist",
          "uri": "spotify:artist:1ackd5XprZEkH3McKbQD51"
        },
        {
          "external_urls": {
            "spotify": "https://open.spotify.com/artist/5Z09V5ytr1lURpgehSAPRx"
          },
          "href": "https://api.spotify.com/v1/artists/5Z09V5ytr1lURpgehSAPRx",
          "id": "5Z09V5ytr1lURpgehSAPRx",
          "name": "Salgado",
          "type": "artist",
          "uri": "spotify:artist:5Z09V5ytr1lURpgehSAPRx"
        }
      ],
      "available_markets": [
        "AD",
        "AE",
        "AR",
        "AT",
        "AU",
        "BE",
        "BG",
        "BH",
        "BO",
        "BR",
        "CA",
        "CH",
        "CL",
        "CO",
        "CR",
        "CY",
        "CZ",
        "DE",
        "DK",
        "DO",
        "DZ",
        "EC",
        "EE",
        "EG",
        "ES",
        "FI",
        "FR",
        "GB",
        "GR",
        "GT",
        "HK",
        "HN",
        "HU",
        "ID",
        "IE",
        "IL",
        "IN",
        "IS",
        "IT",
        "JO",
        "JP",
        "KW",
        "LB",
        "LI",
        "LT",
        "LU",
        "LV",
        "MA",
        "MC",
        "MT",
        "MX",
        "MY",
        "NI",
        "NL",
        "NO",
        "NZ",
        "OM",
        "PA",
        "PE",
        "PH",
        "PL",
        "PS",
        "PT",
        "PY",
        "QA",
        "RO",
        "SA",
        "SE",
        "SG",
        "SK",
        "SV",
        "TH",
        "TN",
        "TR",
        "TW",
        "US",
        "UY",
        "VN",
        "ZA"
      ],
      "disc_number": 1,
      "duration_ms": 226226,
      "explicit": false,
      "external_ids": { "isrc": "ES5021100422" },
      "external_urls": {
        "spotify": "https://open.spotify.com/track/6QzCyBwoRkfWCnWdQ4nG1S"
      },
      "href": "https://api.spotify.com/v1/tracks/6QzCyBwoRkfWCnWdQ4nG1S",
      "id": "6QzCyBwoRkfWCnWdQ4nG1S",
      "is_local": false,
      "name": "Chica Latina",
      "popularity": 30,
      "preview_url": "https://p.scdn.co/mp3-preview/8b021844954bd3f54e1de5983df9a2a29d03bfc5?cid=4bffd52f83ce4f158e0e7c3b3c245f67",
      "track_number": 1,
      "type": "track",
      "uri": "spotify:track:6QzCyBwoRkfWCnWdQ4nG1S"
    },
    {
      "album": {
        "album_type": "ALBUM",
        "artists": [
          {
            "external_urls": {
              "spotify": "https://open.spotify.com/artist/1GImnM7WYVp95431ypofy9"
            },
            "href": "https://api.spotify.com/v1/artists/1GImnM7WYVp95431ypofy9",
            "id": "1GImnM7WYVp95431ypofy9",
            "name": "Caifanes",
            "type": "artist",
            "uri": "spotify:artist:1GImnM7WYVp95431ypofy9"
          }
        ],
        "available_markets": [
          "AD",
          "AE",
          "AR",
          "AT",
          "AU",
          "BE",
          "BG",
          "BH",
          "BO",
          "BR",
          "CA",
          "CH",
          "CL",
          "CO",
          "CR",
          "CY",
          "CZ",
          "DE",
          "DK",
          "DO",
          "DZ",
          "EC",
          "EE",
          "EG",
          "ES",
          "FI",
          "FR",
          "GB",
          "GR",
          "GT",
          "HK",
          "HN",
          "HU",
          "ID",
          "IE",
          "IL",
          "IN",
          "IS",
          "IT",
          "JO",
          "JP",
          "KW",
          "LB",
          "LI",
          "LT",
          "LU",
          "LV",
          "MA",
          "MC",
          "MT",
          "MX",
          "MY",
          "NI",
          "NL",
          "NO",
          "NZ",
          "OM",
          "PA",
          "PE",
          "PH",
          "PL",
          "PS",
          "PT",
          "PY",
          "QA",
          "RO",
          "SA",
          "SE",
          "SG",
          "SK",
          "SV",
          "TH",
          "TN",
          "TR",
          "TW",
          "US",
          "UY",
          "VN",
          "ZA"
        ],
        "external_urls": {
          "spotify": "https://open.spotify.com/album/2mPZNQNgW1zrkIPyL9XJcf"
        },
        "href": "https://api.spotify.com/v1/albums/2mPZNQNgW1zrkIPyL9XJcf",
        "id": "2mPZNQNgW1zrkIPyL9XJcf",
        "images": [
          {
            "height": 640,
            "url": "https://i.scdn.co/image/ab67616d0000b27336aeaab4dc91a8dea53a2d8f",
            "width": 640
          },
          {
            "height": 300,
            "url": "https://i.scdn.co/image/ab67616d00001e0236aeaab4dc91a8dea53a2d8f",
            "width": 300
          },
          {
            "height": 64,
            "url": "https://i.scdn.co/image/ab67616d0000485136aeaab4dc91a8dea53a2d8f",
            "width": 64
          }
        ],
        "name": "El Nervio Del Volcan",
        "release_date": "1994",
        "release_date_precision": "year",
        "total_tracks": 0,
        "type": "album",
        "uri": "spotify:album:2mPZNQNgW1zrkIPyL9XJcf"
      },
      "artists": [
        {
          "external_urls": {
            "spotify": "https://open.spotify.com/artist/1GImnM7WYVp95431ypofy9"
          },
          "href": "https://api.spotify.com/v1/artists/1GImnM7WYVp95431ypofy9",
          "id": "1GImnM7WYVp95431ypofy9",
          "name": "Caifanes",
          "type": "artist",
          "uri": "spotify:artist:1GImnM7WYVp95431ypofy9"
        }
      ],
      "available_markets": [
        "AD",
        "AE",
        "AR",
        "AT",
        "AU",
        "BE",
        "BG",
        "BH",
        "BO",
        "BR",
        "CA",
        "CH",
        "CL",
        "CO",
        "CR",
        "CY",
        "CZ",
        "DE",
        "DK",
        "DO",
        "DZ",
        "EC",
        "EE",
        "EG",
        "ES",
        "FI",
        "FR",
        "GB",
        "GR",
        "GT",
        "HK",
        "HN",
        "HU",
        "ID",
        "IE",
        "IL",
        "IN",
        "IS",
        "IT",
        "JO",
        "JP",
        "KW",
        "LB",
        "LI",
        "LT",
        "LU",
        "LV",
        "MA",
        "MC",
        "MT",
        "MX",
        "MY",
        "NI",
        "NL",
        "NO",
        "NZ",
        "OM",
        "PA",
        "PE",
        "PH",
        "PL",
        "PS",
        "PT",
        "PY",
        "QA",
        "RO",
        "SA",
        "SE",
        "SG",
        "SK",
        "SV",
        "TH",
        "TN",
        "TR",
        "TW",
        "US",
        "UY",
        "VN",
        "ZA"
      ],
      "disc_number": 1,
      "duration_ms": 288600,
      "explicit": false,
      "external_ids": { "isrc": "MXF019400341" },
      "external_urls": {
        "spotify": "https://open.spotify.com/track/3pJfnBjO3kjudEchcPEDxS"
      },
      "href": "https://api.spotify.com/v1/tracks/3pJfnBjO3kjudEchcPEDxS",
      "id": "3pJfnBjO3kjudEchcPEDxS",
      "is_local": false,
      "name": "Afuera",
      "popularity": 70,
      "preview_url": "https://p.scdn.co/mp3-preview/38b75a339cb90758ddae142b12495dcf381eb0f8?cid=4bffd52f83ce4f158e0e7c3b3c245f67",
      "track_number": 1,
      "type": "track",
      "uri": "spotify:track:3pJfnBjO3kjudEchcPEDxS"
    },
    {
      "album": {
        "album_type": "ALBUM",
        "artists": [
          {
            "external_urls": {
              "spotify": "https://open.spotify.com/artist/0LyfQWJT6nXafLPZqxe9Of"
            },
            "href": "https://api.spotify.com/v1/artists/0LyfQWJT6nXafLPZqxe9Of",
            "id": "0LyfQWJT6nXafLPZqxe9Of",
            "name": "Various Artists",
            "type": "artist",
            "uri": "spotify:artist:0LyfQWJT6nXafLPZqxe9Of"
          }
        ],
        "available_markets": [
          "AD",
          "AE",
          "AR",
          "AT",
          "AU",
          "BE",
          "BG",
          "BH",
          "BO",
          "BR",
          "CA",
          "CH",
          "CL",
          "CO",
          "CR",
          "CY",
          "CZ",
          "DE",
          "DK",
          "DO",
          "DZ",
          "EC",
          "EE",
          "EG",
          "ES",
          "FI",
          "FR",
          "GB",
          "GR",
          "GT",
          "HK",
          "HN",
          "HU",
          "ID",
          "IE",
          "IL",
          "IN",
          "IS",
          "IT",
          "JO",
          "JP",
          "KW",
          "LB",
          "LI",
          "LT",
          "LU",
          "LV",
          "MA",
          "MC",
          "MT",
          "MX",
          "MY",
          "NI",
          "NL",
          "NO",
          "NZ",
          "OM",
          "PA",
          "PE",
          "PH",
          "PL",
          "PS",
          "PT",
          "PY",
          "QA",
          "RO",
          "SA",
          "SE",
          "SG",
          "SK",
          "SV",
          "TH",
          "TN",
          "TR",
          "TW",
          "US",
          "UY",
          "VN",
          "ZA"
        ],
        "external_urls": {
          "spotify": "https://open.spotify.com/album/2SM9goluYzwQixrtAgamC6"
        },
        "href": "https://api.spotify.com/v1/albums/2SM9goluYzwQixrtAgamC6",
        "id": "2SM9goluYzwQixrtAgamC6",
        "images": [
          {
            "height": 640,
            "url": "https://i.scdn.co/image/ab67616d0000b27316a15aae6ce3528a9da06ab6",
            "width": 640
          },
          {
            "height": 300,
            "url": "https://i.scdn.co/image/ab67616d00001e0216a15aae6ce3528a9da06ab6",
            "width": 300
          },
          {
            "height": 64,
            "url": "https://i.scdn.co/image/ab67616d0000485116a15aae6ce3528a9da06ab6",
            "width": 64
          }
        ],
        "name": "Luny Tunes Presents: Calle 434",
        "release_date": "2008-12-22",
        "release_date_precision": "day",
        "total_tracks": 0,
        "type": "album",
        "uri": "spotify:album:2SM9goluYzwQixrtAgamC6"
      },
      "artists": [
        {
          "external_urls": {
            "spotify": "https://open.spotify.com/artist/4VMYDCV2IEDYJArk749S6m"
          },
          "href": "https://api.spotify.com/v1/artists/4VMYDCV2IEDYJArk749S6m",
          "id": "4VMYDCV2IEDYJArk749S6m",
          "name": "Daddy Yankee",
          "type": "artist",
          "uri": "spotify:artist:4VMYDCV2IEDYJArk749S6m"
        },
        {
          "external_urls": {
            "spotify": "https://open.spotify.com/artist/3xRwjkyM2Q69JjaUsO47wa"
          },
          "href": "https://api.spotify.com/v1/artists/3xRwjkyM2Q69JjaUsO47wa",
          "id": "3xRwjkyM2Q69JjaUsO47wa",
          "name": "Devani",
          "type": "artist",
          "uri": "spotify:artist:3xRwjkyM2Q69JjaUsO47wa"
        }
      ],
      "available_markets": [
        "AD",
        "AE",
        "AR",
        "AT",
        "AU",
        "BE",
        "BG",
        "BH",
        "BO",
        "BR",
        "CA",
        "CH",
        "CL",
        "CO",
        "CR",
        "CY",
        "CZ",
        "DE",
        "DK",
        "DO",
        "DZ",
        "EC",
        "EE",
        "EG",
        "ES",
        "FI",
        "FR",
        "GB",
        "GR",
        "GT",
        "HK",
        "HN",
        "HU",
        "ID",
        "IE",
        "IL",
        "IN",
        "IS",
        "IT",
        "JO",
        "KW",
        "LB",
        "LI",
        "LT",
        "LU",
        "LV",
        "MA",
        "MC",
        "MT",
        "MX",
        "MY",
        "NI",
        "NL",
        "NO",
        "NZ",
        "OM",
        "PA",
        "PE",
        "PH",
        "PL",
        "PS",
        "PT",
        "PY",
        "QA",
        "RO",
        "SA",
        "SE",
        "SG",
        "SK",
        "SV",
        "TH",
        "TN",
        "TR",
        "TW",
        "US",
        "UY",
        "VN",
        "ZA"
      ],
      "disc_number": 1,
      "duration_ms": 233680,
      "explicit": false,
      "external_ids": { "isrc": "USZ830506920" },
      "external_urls": {
        "spotify": "https://open.spotify.com/track/50EBc9ImNqJZSSB6DZdNTs"
      },
      "href": "https://api.spotify.com/v1/tracks/50EBc9ImNqJZSSB6DZdNTs",
      "id": "50EBc9ImNqJZSSB6DZdNTs",
      "is_local": false,
      "name": "Mirama (feat. Devani)",
      "popularity": 33,
      "preview_url": "https://p.scdn.co/mp3-preview/61334bbf383d7367f6aa952e2baddac921e083b4?cid=4bffd52f83ce4f158e0e7c3b3c245f67",
      "track_number": 9,
      "type": "track",
      "uri": "spotify:track:50EBc9ImNqJZSSB6DZdNTs"
    },
    {
      "album": {
        "album_type": "ALBUM",
        "artists": [
          {
            "external_urls": {
              "spotify": "https://open.spotify.com/artist/2biH2I1TvZlIIIc5W14oIJ"
            },
            "href": "https://api.spotify.com/v1/artists/2biH2I1TvZlIIIc5W14oIJ",
            "id": "2biH2I1TvZlIIIc5W14oIJ",
            "name": "Franco \"El Gorilla\"",
            "type": "artist",
            "uri": "spotify:artist:2biH2I1TvZlIIIc5W14oIJ"
          }
        ],
        "available_markets": [
          "AD",
          "AE",
          "AR",
          "AT",
          "AU",
          "BE",
          "BG",
          "BH",
          "BO",
          "BR",
          "CA",
          "CH",
          "CL",
          "CO",
          "CR",
          "CY",
          "CZ",
          "DE",
          "DK",
          "DO",
          "DZ",
          "EC",
          "EE",
          "EG",
          "ES",
          "FI",
          "FR",
          "GB",
          "GR",
          "GT",
          "HK",
          "HN",
          "HU",
          "ID",
          "IE",
          "IL",
          "IN",
          "IS",
          "IT",
          "JO",
          "JP",
          "KW",
          "LB",
          "LI",
          "LT",
          "LU",
          "LV",
          "MA",
          "MC",
          "MT",
          "MX",
          "MY",
          "NI",
          "NL",
          "NO",
          "NZ",
          "OM",
          "PA",
          "PE",
          "PH",
          "PL",
          "PS",
          "PT",
          "PY",
          "QA",
          "RO",
          "SA",
          "SE",
          "SG",
          "SK",
          "SV",
          "TH",
          "TN",
          "TR",
          "TW",
          "US",
          "UY",
          "VN",
          "ZA"
        ],
        "external_urls": {
          "spotify": "https://open.spotify.com/album/5i0xXyw5sdimKZJmQgEqAP"
        },
        "href": "https://api.spotify.com/v1/albums/5i0xXyw5sdimKZJmQgEqAP",
        "id": "5i0xXyw5sdimKZJmQgEqAP",
        "images": [
          {
            "height": 640,
            "url": "https://i.scdn.co/image/ab67616d0000b273fc424ad6c82c1d0cb9ca6a59",
            "width": 640
          },
          {
            "height": 300,
            "url": "https://i.scdn.co/image/ab67616d00001e02fc424ad6c82c1d0cb9ca6a59",
            "width": 300
          },
          {
            "height": 64,
            "url": "https://i.scdn.co/image/ab67616d00004851fc424ad6c82c1d0cb9ca6a59",
            "width": 64
          }
        ],
        "name": "De Vez en Cuando",
        "release_date": "2016-12-16",
        "release_date_precision": "day",
        "total_tracks": 0,
        "type": "album",
        "uri": "spotify:album:5i0xXyw5sdimKZJmQgEqAP"
      },
      "artists": [
        {
          "external_urls": {
            "spotify": "https://open.spotify.com/artist/2biH2I1TvZlIIIc5W14oIJ"
          },
          "href": "https://api.spotify.com/v1/artists/2biH2I1TvZlIIIc5W14oIJ",
          "id": "2biH2I1TvZlIIIc5W14oIJ",
          "name": "Franco \"El Gorilla\"",
          "type": "artist",
          "uri": "spotify:artist:2biH2I1TvZlIIIc5W14oIJ"
        },
        {
          "external_urls": {
            "spotify": "https://open.spotify.com/artist/1i8SpTcr7yvPOmcqrbnVXY"
          },
          "href": "https://api.spotify.com/v1/artists/1i8SpTcr7yvPOmcqrbnVXY",
          "id": "1i8SpTcr7yvPOmcqrbnVXY",
          "name": "Ozuna",
          "type": "artist",
          "uri": "spotify:artist:1i8SpTcr7yvPOmcqrbnVXY"
        }
      ],
      "available_markets": [
        "AD",
        "AE",
        "AR",
        "AT",
        "AU",
        "BE",
        "BG",
        "BH",
        "BO",
        "BR",
        "CA",
        "CH",
        "CL",
        "CO",
        "CR",
        "CY",
        "CZ",
        "DE",
        "DK",
        "DO",
        "DZ",
        "EC",
        "EE",
        "EG",
        "ES",
        "FI",
        "FR",
        "GB",
        "GR",
        "GT",
        "HK",
        "HN",
        "HU",
        "ID",
        "IE",
        "IL",
        "IN",
        "IS",
        "IT",
        "JO",
        "JP",
        "KW",
        "LB",
        "LI",
        "LT",
        "LU",
        "LV",
        "MA",
        "MC",
        "MT",
        "MX",
        "MY",
        "NI",
        "NL",
        "NO",
        "NZ",
        "OM",
        "PA",
        "PE",
        "PH",
        "PL",
        "PS",
        "PT",
        "PY",
        "QA",
        "RO",
        "SA",
        "SE",
        "SG",
        "SK",
        "SV",
        "TH",
        "TN",
        "TR",
        "TW",
        "US",
        "UY",
        "VN",
        "ZA"
      ],
      "disc_number": 1,
      "duration_ms": 152760,
      "explicit": false,
      "external_ids": { "isrc": "QMBZ91665745" },
      "external_urls": {
        "spotify": "https://open.spotify.com/track/1VRjHqcE8ttKtaj8bTaJyS"
      },
      "href": "https://api.spotify.com/v1/tracks/1VRjHqcE8ttKtaj8bTaJyS",
      "id": "1VRjHqcE8ttKtaj8bTaJyS",
      "is_local": false,
      "name": "De Vez en Cuando",
      "popularity": 47,
      "preview_url": "https://p.scdn.co/mp3-preview/b0cac3f2035951a720f3bbcf76b72eaa98cc3ba6?cid=4bffd52f83ce4f158e0e7c3b3c245f67",
      "track_number": 1,
      "type": "track",
      "uri": "spotify:track:1VRjHqcE8ttKtaj8bTaJyS"
    },
    {
      "album": {
        "album_type": "ALBUM",
        "artists": [
          {
            "external_urls": {
              "spotify": "https://open.spotify.com/artist/4bJWcXUgUrQl4E4ru6VapB"
            },
            "href": "https://api.spotify.com/v1/artists/4bJWcXUgUrQl4E4ru6VapB",
            "id": "4bJWcXUgUrQl4E4ru6VapB",
            "name": "Angel Canales",
            "type": "artist",
            "uri": "spotify:artist:4bJWcXUgUrQl4E4ru6VapB"
          }
        ],
        "available_markets": [
          "AD",
          "AE",
          "AR",
          "AT",
          "AU",
          "BE",
          "BG",
          "BH",
          "BO",
          "BR",
          "CA",
          "CH",
          "CL",
          "CO",
          "CR",
          "CY",
          "CZ",
          "DE",
          "DK",
          "DO",
          "DZ",
          "EC",
          "EE",
          "EG",
          "ES",
          "FI",
          "FR",
          "GB",
          "GR",
          "GT",
          "HK",
          "HN",
          "HU",
          "ID",
          "IE",
          "IL",
          "IN",
          "IS",
          "IT",
          "JO",
          "JP",
          "KW",
          "LB",
          "LI",
          "LT",
          "LU",
          "LV",
          "MA",
          "MC",
          "MT",
          "MX",
          "MY",
          "NI",
          "NL",
          "NO",
          "NZ",
          "OM",
          "PA",
          "PE",
          "PH",
          "PL",
          "PS",
          "PT",
          "PY",
          "QA",
          "RO",
          "SA",
          "SE",
          "SG",
          "SK",
          "SV",
          "TH",
          "TN",
          "TR",
          "TW",
          "US",
          "UY",
          "VN",
          "ZA"
        ],
        "external_urls": {
          "spotify": "https://open.spotify.com/album/62j3BsaN0cXPxbvOwvwlhH"
        },
        "href": "https://api.spotify.com/v1/albums/62j3BsaN0cXPxbvOwvwlhH",
        "id": "62j3BsaN0cXPxbvOwvwlhH",
        "images": [
          {
            "height": 640,
            "url": "https://i.scdn.co/image/ab67616d0000b273e7103dc9a96baa5ac34b43b5",
            "width": 640
          },
          {
            "height": 300,
            "url": "https://i.scdn.co/image/ab67616d00001e02e7103dc9a96baa5ac34b43b5",
            "width": 300
          },
          {
            "height": 64,
            "url": "https://i.scdn.co/image/ab67616d00004851e7103dc9a96baa5ac34b43b5",
            "width": 64
          }
        ],
        "name": "Sabor",
        "release_date": "1975",
        "release_date_precision": "year",
        "total_tracks": 0,
        "type": "album",
        "uri": "spotify:album:62j3BsaN0cXPxbvOwvwlhH"
      },
      "artists": [
        {
          "external_urls": {
            "spotify": "https://open.spotify.com/artist/4bJWcXUgUrQl4E4ru6VapB"
          },
          "href": "https://api.spotify.com/v1/artists/4bJWcXUgUrQl4E4ru6VapB",
          "id": "4bJWcXUgUrQl4E4ru6VapB",
          "name": "Angel Canales",
          "type": "artist",
          "uri": "spotify:artist:4bJWcXUgUrQl4E4ru6VapB"
        }
      ],
      "available_markets": [],
      "disc_number": 1,
      "duration_ms": 255586,
      "explicit": false,
      "external_ids": { "isrc": "USDBB0607769" },
      "external_urls": {
        "spotify": "https://open.spotify.com/track/1u3myea0ndESXsA2OifxCQ"
      },
      "href": "https://api.spotify.com/v1/tracks/1u3myea0ndESXsA2OifxCQ",
      "id": "1u3myea0ndESXsA2OifxCQ",
      "is_local": false,
      "name": "Lejos De Ti",
      "popularity": 1,
      "preview_url": null,
      "track_number": 6,
      "type": "track",
      "uri": "spotify:track:1u3myea0ndESXsA2OifxCQ"
    },
    {
      "album": {
        "album_type": "ALBUM",
        "artists": [
          {
            "external_urls": {
              "spotify": "https://open.spotify.com/artist/6IdtcAwaNVAggwd6sCKgTI"
            },
            "href": "https://api.spotify.com/v1/artists/6IdtcAwaNVAggwd6sCKgTI",
            "id": "6IdtcAwaNVAggwd6sCKgTI",
            "name": "Zo\u00e9",
            "type": "artist",
            "uri": "spotify:artist:6IdtcAwaNVAggwd6sCKgTI"
          }
        ],
        "available_markets": [
          "AD",
          "AE",
          "AR",
          "AT",
          "AU",
          "BE",
          "BG",
          "BH",
          "BO",
          "BR",
          "CA",
          "CH",
          "CL",
          "CO",
          "CR",
          "CY",
          "CZ",
          "DE",
          "DK",
          "DO",
          "DZ",
          "EC",
          "EE",
          "EG",
          "ES",
          "FI",
          "FR",
          "GB",
          "GR",
          "GT",
          "HK",
          "HN",
          "HU",
          "ID",
          "IE",
          "IL",
          "IN",
          "IS",
          "IT",
          "JO",
          "JP",
          "KW",
          "LB",
          "LI",
          "LT",
          "LU",
          "LV",
          "MA",
          "MC",
          "MT",
          "MX",
          "MY",
          "NI",
          "NL",
          "NO",
          "NZ",
          "OM",
          "PA",
          "PE",
          "PH",
          "PL",
          "PS",
          "PT",
          "PY",
          "QA",
          "RO",
          "SA",
          "SE",
          "SG",
          "SK",
          "SV",
          "TH",
          "TN",
          "TR",
          "TW",
          "US",
          "UY",
          "VN",
          "ZA"
        ],
        "external_urls": {
          "spotify": "https://open.spotify.com/album/0yFFH0eR0XJSoF0S5d5peT"
        },
        "href": "https://api.spotify.com/v1/albums/0yFFH0eR0XJSoF0S5d5peT",
        "id": "0yFFH0eR0XJSoF0S5d5peT",
        "images": [
          {
            "height": 640,
            "url": "https://i.scdn.co/image/ab67616d0000b2731eada1495a082da8a6c3e516",
            "width": 640
          },
          {
            "height": 300,
            "url": "https://i.scdn.co/image/ab67616d00001e021eada1495a082da8a6c3e516",
            "width": 300
          },
          {
            "height": 64,
            "url": "https://i.scdn.co/image/ab67616d000048511eada1495a082da8a6c3e516",
            "width": 64
          }
        ],
        "name": "Aztl\u00e1n",
        "release_date": "2018-04-18",
        "release_date_precision": "day",
        "total_tracks": 0,
        "type": "album",
        "uri": "spotify:album:0yFFH0eR0XJSoF0S5d5peT"
      },
      "artists": [
        {
          "external_urls": {
            "spotify": "https://open.spotify.com/artist/6IdtcAwaNVAggwd6sCKgTI"
          },
          "href": "https://api.spotify.com/v1/artists/6IdtcAwaNVAggwd6sCKgTI",
          "id": "6IdtcAwaNVAggwd6sCKgTI",
          "name": "Zo\u00e9",
          "type": "artist",
          "uri": "spotify:artist:6IdtcAwaNVAggwd6sCKgTI"
        }
      ],
      "available_markets": [
        "AD",
        "AE",
        "AR",
        "AT",
        "AU",
        "BE",
        "BG",
        "BH",
        "BO",
        "BR",
        "CA",
        "CH",
        "CL",
        "CO",
        "CR",
        "CY",
        "CZ",
        "DE",
        "DK",
        "DO",
        "DZ",
        "EC",
        "EE",
        "EG",
        "ES",
        "FI",
        "FR",
        "GB",
        "GR",
        "GT",
        "HK",
        "HN",
        "HU",
        "ID",
        "IE",
        "IL",
        "IN",
        "IS",
        "IT",
        "JO",
        "JP",
        "KW",
        "LB",
        "LI",
        "LT",
        "LU",
        "LV",
        "MA",
        "MC",
        "MT",
        "MX",
        "MY",
        "NI",
        "NL",
        "NO",
        "NZ",
        "OM",
        "PA",
        "PE",
        "PH",
        "PL",
        "PS",
        "PT",
        "PY",
        "QA",
        "RO",
        "SA",
        "SE",
        "SG",
        "SK",
        "SV",
        "TH",
        "TN",
        "TR",
        "TW",
        "US",
        "UY",
        "VN",
        "ZA"
      ],
      "disc_number": 1,
      "duration_ms": 194226,
      "explicit": false,
      "external_ids": { "isrc": "MXUM71800134" },
      "external_urls": {
        "spotify": "https://open.spotify.com/track/7ffkdwy4EvMSeUnPVSyqqw"
      },
      "href": "https://api.spotify.com/v1/tracks/7ffkdwy4EvMSeUnPVSyqqw",
      "id": "7ffkdwy4EvMSeUnPVSyqqw",
      "is_local": false,
      "name": "Azul",
      "popularity": 67,
      "preview_url": null,
      "track_number": 2,
      "type": "track",
      "uri": "spotify:track:7ffkdwy4EvMSeUnPVSyqqw"
    }
  ],
  "seeds": [
    {
      "initialPoolSize": 0,
      "afterFilteringSize": 0,
      "afterRelinkingSize": 0,
      "id": "trap latino",
      "type": "GENRE",
      "href": null
    },
    {
      "initialPoolSize": 997,
      "afterFilteringSize": 626,
      "afterRelinkingSize": 626,
      "id": "latin",
      "type": "GENRE",
      "href": null
    },
    {
      "initialPoolSize": 1000,
      "afterFilteringSize": 626,
      "afterRelinkingSize": 626,
      "id": "reggaeton",
      "type": "GENRE",
      "href": null
    }
  ]
}
