{
  "title": "Drake - When To Say When &amp; Chicago Freestyle",
  "description": "When To Say When & Chicago Freestyle (Official Video) Director: Theo Skudra Producer: Christian Tyle",
  "link": "https://www.youtube.com/watch?v=0jz0GAFNNIo",
  "image": "https://i.ytimg.com/vi/0jz0GAFNNIo/mqdefault.jpg",
  "channel": "Drake",
  "channel_link": "https://www.youtube.com/channel/UCByOQJjav0CUDwxCk-jVNRQ"
},
{
  "title": "Future - Life Is Good (Official Music Video) ft. Drake",
  "description": "\"Life is Good\" available at: https://smarturl.it/LifeIsGood.Future Official Audio: https://youtu.be/",
  "link": "https://www.youtube.com/watch?v=l0U7SxXHkPY",
  "image": "https://i.ytimg.com/vi/l0U7SxXHkPY/mqdefault.jpg",
  "channel": "FutureVEVO",
  "channel_link": "https://www.youtube.com/channel/UCFNosi99Sp0_eLilBiXmmXA"
},
{
  "title": "Drake",
  "description": "",
  "link": null,
  "image": "https://yt3.ggpht.com/-LfZSEn0Y4EY/AAAAAAAAAAI/AAAAAAAAAAA/1Z95Yygbo7U/s240-c-k-no-mo-rj-c0xffffff/photo.jpg",
  "channel": "Drake",
  "channel_link": "https://www.youtube.com/channel/UCByOQJjav0CUDwxCk-jVNRQ"
},
{
  "title": "Drake - War",
  "description": "War (Official Video) Director - Theo Skudra Executive Producer - Christian Tyler Produced by - Jason",
  "link": "https://www.youtube.com/watch?v=lIlMtVGI5Pg",
  "image": "https://i.ytimg.com/vi/lIlMtVGI5Pg/mqdefault.jpg",
  "channel": "Drake",
  "channel_link": "https://www.youtube.com/channel/UCByOQJjav0CUDwxCk-jVNRQ"
},
{
  "title": "DrakeVEVO",
  "description": "Drake on Vevo - Official Music Videos, Live Performances, Interviews and more...",
  "link": null,
  "image": "https://yt3.ggpht.com/-lTFlcA9Q0nQ/AAAAAAAAAAI/AAAAAAAAAAA/E2qB72L4zmY/s240-c-k-no-mo-rj-c0xffffff/photo.jpg",
  "channel": "DrakeVEVO",
  "channel_link": "https://www.youtube.com/channel/UCQznUf1SjfDqx65hX3zRDiA"
},
{
  "title": "Lil Yachty, Drake, &amp; DaBaby - Oprah&#39;s Bank Account (Official Video)",
  "description": "Watch the official video for Lil Yacthy & DaBaby Feat. Drake Oprah's Bank Account. Stream/Download/W",
  "link": "https://www.youtube.com/watch?v=-eb4CtV8zTk",
  "image": "https://i.ytimg.com/vi/-eb4CtV8zTk/mqdefault.jpg",
  "channel": "LilYachtyVEVO",
  "channel_link": "https://www.youtube.com/channel/UC1X3TRsCt36QPjF1p5f3HTg"
},
{
  "title": "Drake - Money In The Grave ft. Rick Ross",
  "description": "Official music video by Drake performing \u201cMoney In The Grave\u201d ft. Rick Ross \u2013 Stream/Download the so",
  "link": "https://www.youtube.com/watch?v=R0ykLlhg0AQ",
  "image": "https://i.ytimg.com/vi/R0ykLlhg0AQ/mqdefault.jpg",
  "channel": "DrakeVEVO",
  "channel_link": "https://www.youtube.com/channel/UCQznUf1SjfDqx65hX3zRDiA"
},
{
  "title": "Drake - God&#39;s Plan",
  "description": "God's Plan (Official Video) Song Available Here: https://Drake.lnk.to/ScaryHoursYD Directed by Karen",
  "link": "https://www.youtube.com/watch?v=xpVfcZ0ZcFM",
  "image": "https://i.ytimg.com/vi/xpVfcZ0ZcFM/mqdefault.jpg",
  "channel": "DrakeVEVO",
  "channel_link": "https://www.youtube.com/channel/UCQznUf1SjfDqx65hX3zRDiA"
},
{
  "title": "Drake - Headlines (Explicit)",
  "description": "Music video by Drake performing Headlines. (C) 2011 Cash Money Records Inc.",
  "link": "https://www.youtube.com/watch?v=cimoNqiulUE",
  "image": "https://i.ytimg.com/vi/cimoNqiulUE/mqdefault.jpg",
  "channel": "DrakeVEVO",
  "channel_link": "https://www.youtube.com/channel/UCQznUf1SjfDqx65hX3zRDiA"
},
{
  "title": "Drake - Energy",
  "description": "Energy (Official Video) Taken from the Album - If You're Reading This It's Too Late Available for do",
  "link": "https://www.youtube.com/watch?v=7LnBvuzjpr4",
  "image": "https://i.ytimg.com/vi/7LnBvuzjpr4/mqdefault.jpg",
  "channel": "DrakeVEVO",
  "channel_link": "https://www.youtube.com/channel/UCQznUf1SjfDqx65hX3zRDiA"
},
{
  "title": "Drake - Nice For What",
  "description": "Music video by Drake performing Nice For What. \u00a9 2018 Young Money/Cash Money Records.",
  "link": "https://www.youtube.com/watch?v=U9BwWKXjVaI",
  "image": "https://i.ytimg.com/vi/U9BwWKXjVaI/mqdefault.jpg",
  "channel": "DrakeVEVO",
  "channel_link": "https://www.youtube.com/channel/UCQznUf1SjfDqx65hX3zRDiA"
},
{
  "title": "Rap Radar: Drake",
  "description": "",
  "link": "https://www.youtube.com/watch?v=mmsasEoupO4",
  "image": "https://i.ytimg.com/vi/mmsasEoupO4/mqdefault.jpg",
  "channel": "Drake",
  "channel_link": "https://www.youtube.com/channel/UCByOQJjav0CUDwxCk-jVNRQ"
},
{
  "title": "Drake - I&#39;m Upset",
  "description": "Music video by Drake performing I'm Upset. \u00a9 2018 Young Money Entertainment/Cash Money Records.",
  "link": "https://www.youtube.com/watch?v=rIhx2wZ8jnA",
  "image": "https://i.ytimg.com/vi/rIhx2wZ8jnA/mqdefault.jpg",
  "channel": "DrakeVEVO",
  "channel_link": "https://www.youtube.com/channel/UCQznUf1SjfDqx65hX3zRDiA"
},
{
  "title": "Chris Brown - No Guidance (Official Video) ft. Drake",
  "description": "'INDIGO' EXTENDED IS OUT NOW! https://smarturl.it/INDIGOEXTENDED FOLLOW CHRIS BROWN: http://www.chri",
  "link": "https://www.youtube.com/watch?v=6L_k74BOLag",
  "image": "https://i.ytimg.com/vi/6L_k74BOLag/mqdefault.jpg",
  "channel": "ChrisBrownVEVO",
  "channel_link": "https://www.youtube.com/channel/UCm1dsgJNnhaLkY3uAdqN4mA"
},
{
  "title": "Drake - Hotline Bling",
  "description": "Hotline Bling (Official Video) Available for download here! http://republicrec.co/DrakeHotlineBling ",
  "link": "https://www.youtube.com/watch?v=uxpDa-c-4Mc",
  "image": "https://i.ytimg.com/vi/uxpDa-c-4Mc/mqdefault.jpg",
  "channel": "DrakeVEVO",
  "channel_link": "https://www.youtube.com/channel/UCQznUf1SjfDqx65hX3zRDiA"
},
{
  "title": "Drake - Started From The Bottom (Explicit)",
  "description": "Music video by Drake performing Started From The Bottom (Explicit). \u00a9: 2013 Cash Money Records.",
  "link": "https://www.youtube.com/watch?v=RubBzkZzpUA",
  "image": "https://i.ytimg.com/vi/RubBzkZzpUA/mqdefault.jpg",
  "channel": "DrakeVEVO",
  "channel_link": "https://www.youtube.com/channel/UCQznUf1SjfDqx65hX3zRDiA"
},
{
  "title": "Drake - Topic",
  "description": "Aubrey \u201cDrake\u201d Graham is a Grammy-Award winning, platinum-selling recording artist and multi-faceted",
  "link": null,
  "image": "https://yt3.ggpht.com/-LN4r4cIhrfE/AAAAAAAAAAI/AAAAAAAAAAA/xHZLjZG_GrE/s240-c-k-no-mo-rj-c0xffffff/photo.jpg",
  "channel": "Drake - Topic",
  "channel_link": "https://www.youtube.com/channel/UCU6cE7pdJPc6DU2jSrKEsdQ"
},
{
  "title": "Drake - Controlla",
  "description": "''Controlla'' by Drake. Follow our Spotify Playlist: https://spoti.fi/2T6ZN1o Follow Drake https://d",
  "link": "https://www.youtube.com/watch?v=otIMbmtav6Q",
  "image": "https://i.ytimg.com/vi/otIMbmtav6Q/mqdefault.jpg",
  "channel": "PlayOn Music",
  "channel_link": "https://www.youtube.com/channel/UCYl4VUiHprU_XMbG9C9nCdQ"
},
{
  "title": "Marvins Room",
  "description": "Provided to YouTube by Universal Music Group Marvins Room \u00b7 Drake Take Care \u2117 2011 Cash Money Record",
  "link": "https://www.youtube.com/watch?v=JDb3ZZD4bA0",
  "image": "https://i.ytimg.com/vi/JDb3ZZD4bA0/mqdefault.jpg",
  "channel": "Drake - Topic",
  "channel_link": "https://www.youtube.com/channel/UCU6cE7pdJPc6DU2jSrKEsdQ"
},
{
  "title": "Drake - In My Feelings",
  "description": "In My Feelings (Official Video) 'Scorpion' Available Here: https://drake.lnk.to/ScorpionYD A FILM BY",
  "link": "https://www.youtube.com/watch?v=DRS_PpOrUZ4",
  "image": "https://i.ytimg.com/vi/DRS_PpOrUZ4/mqdefault.jpg",
  "channel": "DrakeVEVO",
  "channel_link": "https://www.youtube.com/channel/UCQznUf1SjfDqx65hX3zRDiA"
},
{
  "title": "Drake - HYFR (Hell Ya Fucking Right) (Explicit) ft. Lil Wayne",
  "description": "Music video by Drake performing HYFR (Hell Ya Fucking Right). (C) 2012 Cash Money Records Inc.",
  "link": "https://www.youtube.com/watch?v=0KCWqnldEag",
  "image": "https://i.ytimg.com/vi/0KCWqnldEag/mqdefault.jpg",
  "channel": "DrakeVEVO",
  "channel_link": "https://www.youtube.com/channel/UCQznUf1SjfDqx65hX3zRDiA"
},
{
  "title": "FlightReacts Drake Trolling/Trash Talking NBA Players!",
  "description": "SMUSH THAT LIKE IF YOU ENJOYED! LETS GET 2 Million TOGETHER! Be sure to sub Checkout my stream https",
  "link": "https://www.youtube.com/watch?v=zM0VQOY8TBE",
  "image": "https://i.ytimg.com/vi/zM0VQOY8TBE/mqdefault.jpg",
  "channel": "NotYourAverageFlight",
  "channel_link": "https://www.youtube.com/channel/UCoGIPQ7M4NWai7LRgRhaSOg"
},
{
  "title": "Meek Mill - Going Bad feat. Drake (Official Video)",
  "description": "Download / Stream CHAMPIONSHIPS https://MeekMill.lnk.to/CHAMPIONSHIPSAY Directed by: Kid Art Video C",
  "link": "https://www.youtube.com/watch?v=S1gp0m4B5p8",
  "image": "https://i.ytimg.com/vi/S1gp0m4B5p8/mqdefault.jpg",
  "channel": "Meek Mill",
  "channel_link": "https://www.youtube.com/channel/UC9HlWVtENbiMQzVRmnbJxtw"
},
{
  "title": "Drake - Worst Behavior",
  "description": "Music video by Drake performing Worst Behavior. \u00a9: Cash Money Records Inc.",
  "link": "https://www.youtube.com/watch?v=CccnAvfLPvE",
  "image": "https://i.ytimg.com/vi/CccnAvfLPvE/mqdefault.jpg",
  "channel": "DrakeVEVO",
  "channel_link": "https://www.youtube.com/channel/UCQznUf1SjfDqx65hX3zRDiA"
},
{
  "title": "Drake - Find Your Love (Official Music Video)",
  "description": "REMASTERED IN HD! Music video by Drake performing Find Your Love. (C) 2010 Young Money Entertainment",
  "link": "https://www.youtube.com/watch?v=Xyv4Bjja8yc",
  "image": "https://i.ytimg.com/vi/Xyv4Bjja8yc/mqdefault.jpg",
  "channel": "DrakeVEVO",
  "channel_link": "https://www.youtube.com/channel/UCQznUf1SjfDqx65hX3zRDiA"
},
{
  "title": "Drake - Take Care ft. Rihanna",
  "description": "Music video by Drake performing Take Care. (C) 2012 Cash Money Records Inc.",
  "link": "https://www.youtube.com/watch?v=-zzP29emgpg",
  "image": "https://i.ytimg.com/vi/-zzP29emgpg/mqdefault.jpg",
  "channel": "DrakeVEVO",
  "channel_link": "https://www.youtube.com/channel/UCQznUf1SjfDqx65hX3zRDiA"
},
{
  "title": "Drake &amp; Roddy Ricch - Snippet [LQ]",
  "description": "",
  "link": "https://www.youtube.com/watch?v=3MYEFM1DFG0",
  "image": "https://i.ytimg.com/vi/3MYEFM1DFG0/mqdefault.jpg",
  "channel": "Nato9100",
  "channel_link": "https://www.youtube.com/channel/UCPoStZwfHwNoLzvaYWo-E6w"
},
{
  "title": "Drake &amp; Josh - Primer Cap\u00edtulo 1x1 Parte 4",
  "description": "Para ver mas cap\u00edtulos de Drake y Josh avisenme y est\u00e9n atento a m\u00ed canal Les invit\u00f3 a qu\u00e9 vean el c",
  "link": "https://www.youtube.com/watch?v=iQ_ds99AdnA",
  "image": "https://i.ytimg.com/vi/iQ_ds99AdnA/mqdefault.jpg",
  "channel": "Martin17",
  "channel_link": "https://www.youtube.com/channel/UCMRPGVqEfFU1LE8AnrhqyNA"
},
{
  "title": "Drake &amp; Josh - El Primer Cap\u00edtulo 1x1 Parte 8 FINAL",
  "description": "Para ver mas cap\u00edtulos de Drake y Josh avisenme y est\u00e9n atento a m\u00ed canal Les invit\u00f3 a qu\u00e9 vean el c",
  "link": "https://www.youtube.com/watch?v=6dQ26IzgZRQ",
  "image": "https://i.ytimg.com/vi/6dQ26IzgZRQ/mqdefault.jpg",
  "channel": "Martin17",
  "channel_link": "https://www.youtube.com/channel/UCMRPGVqEfFU1LE8AnrhqyNA"
},
{
  "title": "Drake - Nonstop",
  "description": "Nonstop (Official Video) 'Scorpion' Available Here: https://drake.lnk.to/ScorpionYD Director Theo Sk",
  "link": "https://www.youtube.com/watch?v=lJTRVX9R5EA",
  "image": "https://i.ytimg.com/vi/lJTRVX9R5EA/mqdefault.jpg",
  "channel": "DrakeVEVO",
  "channel_link": "https://www.youtube.com/channel/UCQznUf1SjfDqx65hX3zRDiA"
}
